customer_id,name,email,signup_date,city,state
1,Siya Yohannan,ypal@example.org,2024-11-28,Hosur,West Bengal
2,Hardik Dash,jacobdubey@example.net,2026-09-11,Bikaner,Karnataka
3,George Patla,madankamala@example.com,2025-07-17,Ongole,Telangana
4,Peter Mahajan,jchoudhury@example.com,2024-12-17,Ahmednagar,Sikkim
5,Keya Deshmukh,anitareddy@example.com,2024-10-10,Sri Ganganagar,Maharashtra
6,Farhan Sarraf,agrewal@example.com,2026-01-07,Bhopal,Uttar Pradesh
7,Hiral Nazareth,niharika81@example.net,2025-06-07,Shahjahanpur,Assam
8,Krishna Gopal,mitaltarak@example.net,2025-05-07,Dhule,Sikkim
9,Hiral Chander,eiravati59@example.com,2025-03-23,Narasaraopet,Jharkhand
10,Manbir Hayre,yashawini41@example.org,2025-10-28,Tezpur,Madhya Pradesh
11,Zayyan Tella,gaurisodhi@example.net,2025-08-12,Amroha,Uttarakhand
12,Forum Sura,vatwal@example.net,2025-10-17,Kulti,Uttarakhand
13,Gaurang Raghavan,cpatla@example.org,2026-05-24,Tadipatri,Nagaland
14,Ikbal Mammen,hsastry@example.com,2025-02-16,Ballia,Sikkim
15,Zayan Bhalla,eshana39@example.net,2025-08-23,Mahbubnagar,Tripura
16,Balendra Nazareth,pahal42@example.org,2025-02-02,Guntur,West Bengal
17,Jeevika Subramanian,hsachdeva@example.com,2024-09-26,Moradabad,Jharkhand
18,Udyati Bali,jbahl@example.net,2024-10-08,Agra,Meghalaya
19,Ansh Gala,manbirbhakta@example.org,2026-08-24,Howrah,Uttarakhand
20,Mohammed Dubey,bassiaashi@example.org,2026-09-15,Machilipatnam,Nagaland
21,Charvi Bath,farasbhagat@example.org,2025-02-26,Kulti,Haryana
22,Jagvi Buch,leena92@example.com,2025-03-18,Vijayawada,Sikkim
23,Zehaan Walla,peter47@example.net,2025-11-13,Hajipur,Himachal Pradesh
24,Geetika Chauhan,balasubramaniansamarth@example.org,2026-07-01,Sagar,Bihar
25,Zinal Chana,twalia@example.com,2026-08-15,Bhilai,Assam
26,Sanya Oza,nwali@example.net,2025-05-19,Tumkur,Kerala
27,Yasti Mishra,qdayal@example.com,2026-09-16,Aurangabad,Madhya Pradesh
28,Yashasvi Sunder,rauayaan@example.com,2024-10-14,Dindigul,Punjab
29,Vedant Om,shenoydavid@example.org,2025-08-11,Aurangabad,Tamil Nadu
30,Liam Basak,prasadkalpit@example.net,2025-12-20,Mahbubnagar,Kerala
31,Kala Bhalla,khatrijacob@example.org,2026-02-16,Bhilwara,Haryana
32,Nihal Narain,wazir06@example.com,2024-10-26,Kulti,Arunachal Pradesh
33,Jonathan Mangal,dbatra@example.net,2024-12-12,Vijayawada,Andhra Pradesh
34,Anya Grewal,rajagopalansneha@example.net,2026-05-10,Hajipur,Bihar
35,Falguni Toor,udhar@example.net,2026-02-09,Sirsa,Jharkhand
36,Wridesh Soni,hemani98@example.org,2024-10-06,Madhyamgram,Tripura
37,Hamsini Agate,gauravnath@example.org,2025-01-25,Singrauli,Gujarat
38,Henry Misra,bhavika17@example.net,2024-12-02,Malda,Arunachal Pradesh
39,Girindra Sen,ladlisem@example.com,2025-06-14,Nanded,Jharkhand
40,Hemani Mangat,rsavant@example.com,2025-07-12,Saharanpur,Madhya Pradesh
41,Wahab Zacharia,alexanderdewan@example.com,2025-03-26,Thane,Nagaland
42,Diya Swaminathan,bhavna66@example.org,2024-09-28,Korba,Jharkhand
43,Lohit Tara,nathaniel87@example.org,2025-02-15,Thanjavur,Manipur
44,Jagvi Behl,kibevaishnavi@example.net,2025-01-19,Ambarnath,Telangana
45,Madhavi Manne,kalitakrish@example.com,2025-12-11,Meerut,Tripura
46,Udant Rajagopalan,david84@example.org,2025-04-17,Nellore,West Bengal
47,Jalsa Varghese,rayzayan@example.org,2026-06-22,Ulhasnagar,Assam
48,Qadim Wali,lallaanvi@example.net,2025-07-01,Rohtak,Rajasthan
49,Gopal Mital,haritabalakrishnan@example.org,2026-08-02,Mau,Chhattisgarh
50,Nidra Sidhu,yashodharachaudry@example.net,2025-02-23,Bhiwani,Telangana
51,Samarth Parmer,alexander30@example.com,2025-06-11,Phusro,Manipur
52,Oni Bajwa,ekta14@example.com,2025-03-23,Ludhiana,Chhattisgarh
53,Avi Pandya,bpant@example.net,2025-12-27,Ajmer,West Bengal
54,Pranit Chaudhuri,oommenzaid@example.net,2026-04-02,Proddatur,Uttarakhand
55,Rajata Ray,faris13@example.org,2026-06-17,Hindupur,Karnataka
56,Januja Tella,schakraborty@example.net,2025-10-06,Raichur,Sikkim
57,Omaja Sastry,tahluwalia@example.org,2025-01-09,Bhilai,Maharashtra
58,Nitara Soni,tarak07@example.com,2026-06-20,Barasat,Rajasthan
59,Advik Kurian,omahal@example.net,2026-01-31,Tadipatri,Maharashtra
60,Madhav Taneja,baljiwan84@example.net,2025-04-18,Munger,Odisha
61,Janaki Sarin,theodorevig@example.net,2026-09-22,Dharmavaram,Uttar Pradesh
62,Vincent Lad,ganeshveer@example.net,2026-06-21,Rajpur Sonarpur,West Bengal
63,Hema Bal,ichokshi@example.com,2024-12-19,Jamalpur,Uttarakhand
64,Ojas Sabharwal,ssridhar@example.org,2025-08-14,Alwar,Assam
65,Nathan Hegde,xbera@example.org,2024-10-10,Dewas,Odisha
66,Nicholas Bir,sankaranleena@example.org,2025-08-13,Cuttack,Tamil Nadu
67,Omisha Pau,riyabora@example.org,2024-10-10,Phagwara,Uttar Pradesh
68,Kalpit Madan,ishaan08@example.com,2024-10-14,Bhilai,Haryana
69,Wazir Vasa,iganguly@example.net,2025-06-30,Dhule,Tamil Nadu
70,Vedika Narula,rachitsuresh@example.com,2025-12-01,Nadiad,Nagaland
71,Finn Reddy,dubelakshmi@example.org,2025-05-27,Jabalpur,Punjab
72,Urishilla Ravi,birrishi@example.org,2025-04-27,Buxar,Arunachal Pradesh
73,Upma Soman,jalsa84@example.org,2025-01-03,Thanjavur,Kerala
74,Amruta Ramachandran,meghana73@example.org,2025-11-19,Bharatpur,Uttar Pradesh
75,Peter Vora,gkapadia@example.net,2026-02-16,Amroha,Maharashtra
76,Owen Wali,jsrinivasan@example.org,2026-03-17,Udaipur,Odisha
77,Tanish Natt,ganesanaradhana@example.net,2025-09-08,Hospet,Madhya Pradesh
78,Unnati Arya,chandanimutti@example.com,2026-03-01,Siliguri,Kerala
79,Vasudha Agrawal,wadhwashaurya@example.com,2026-02-11,Bhilai,Gujarat
80,Faqid Master,ridhi63@example.com,2026-06-22,Bijapur,Karnataka
81,Yashodhara Chowdhury,nigamekantika@example.com,2026-05-07,Pondicherry,Telangana
82,Neel Kapoor,moditanay@example.com,2026-09-22,Gandhidham,Chhattisgarh
83,Isaac Sule,vanyakaur@example.net,2025-09-06,Serampore,Odisha
84,Imaran Seth,pbhardwaj@example.org,2025-11-05,Nellore,Maharashtra
85,Nachiket Contractor,thomas57@example.org,2025-06-06,Panvel,Andhra Pradesh
86,Yash Sami,wagate@example.org,2026-04-09,Sonipat,Andhra Pradesh
87,Yashica Chawla,aditya64@example.com,2026-03-12,Aizawl,Meghalaya
88,Ayush Tak,vthaman@example.net,2024-10-20,Srikakulam,Maharashtra
89,Krisha Srinivas,samble@example.com,2025-09-23,Jorhat,Arunachal Pradesh
90,Advika Mishra,nadkarniharshil@example.com,2025-07-06,Shivpuri,Manipur
91,Zashil Sarraf,gaurang94@example.net,2025-08-15,Jamalpur,Punjab
92,Jagvi Tank,kevin69@example.com,2025-04-06,Tenali,Haryana
93,Qabil Kala,christophermurty@example.net,2025-06-06,Jhansi,Kerala
94,Jai Balasubramanian,nbava@example.com,2026-09-25,Kulti,Punjab
95,Jagvi Aggarwal,rajagopalyochana@example.com,2026-08-13,Rourkela,Madhya Pradesh
96,Ekta Chaudhuri,shenoyjatin@example.net,2026-04-29,Loni,Meghalaya
97,Watika Mani,ekaja82@example.com,2025-11-30,Gaya,Uttarakhand
98,Fariq Sahni,urvashigolla@example.com,2026-03-07,Sirsa,Chhattisgarh
99,Warjas Kalla,vamakshidar@example.com,2025-07-04,Meerut,Andhra Pradesh
100,Oeshi Walla,falgunikota@example.com,2024-11-08,Parbhani,West Bengal
101,Oscar Yogi,birchaaya@example.net,2026-08-22,Serampore,Tripura
102,Bhavna Thakkar,pillailohit@example.com,2025-12-03,Rewa,Goa
103,Wridesh Chowdhury,binabala@example.net,2025-10-22,Mirzapur,Kerala
104,Triveni Gandhi,dasguptadarsh@example.org,2026-01-12,Bilaspur,Mizoram
105,Vivaan Maharaj,gshroff@example.net,2024-11-10,Jorhat,Jharkhand
106,Ijaya Hans,upmaaggarwal@example.com,2026-07-26,Panchkula,Assam
107,Advika Sangha,goladaksh@example.net,2025-04-22,Tadipatri,Chhattisgarh
108,Utkarsh Bhardwaj,tejas09@example.net,2025-02-13,Erode,Mizoram
109,Veer Goswami,sanya87@example.com,2025-06-30,Nagaon,Punjab
110,Nachiket Varma,vrishtidugar@example.net,2026-01-30,Kottayam,Chhattisgarh
111,Sanaya Majumdar,vedantray@example.org,2025-03-27,Thane,Andhra Pradesh
112,Riya Chanda,senguptayash@example.net,2026-05-02,Rajahmundry,Odisha
113,Neelima De,csalvi@example.net,2026-09-13,Vellore,Goa
114,Urishilla Savant,tandonyashasvi@example.com,2025-11-01,Bhopal,Himachal Pradesh
115,Widisha Mander,joommen@example.com,2026-03-31,Dehradun,Maharashtra
116,Abeer Dara,dghose@example.org,2026-04-08,Coimbatore,Punjab
117,Ojas Rattan,ccherian@example.com,2026-08-31,Silchar,Jharkhand
118,Vaishnavi Devi,kverma@example.com,2024-10-28,Thanjavur,Himachal Pradesh
119,Amol Chhabra,unni37@example.net,2026-09-08,Muzaffarnagar,Uttar Pradesh
120,Baljiwan Mohan,nikita00@example.net,2025-04-19,Kharagpur,Andhra Pradesh
121,Ekansh Issac,nicholassagar@example.org,2025-01-31,Jehanabad,Rajasthan
122,Raksha Wagle,jagdishsahota@example.com,2025-07-27,Kolhapur,Punjab
123,Yashodhara Kala,onkar10@example.com,2025-12-20,Jehanabad,Sikkim
124,Chaitaly Sura,sekhondevika@example.com,2025-05-04,Shimoga,Odisha
125,Oni Dubey,isaac08@example.com,2026-01-20,Nangloi Jat,Tamil Nadu
126,Lakshit Dara,vansha49@example.net,2026-03-31,Ujjain,Himachal Pradesh
127,Jonathan Buch,vincent63@example.net,2026-06-11,Chandrapur,Uttar Pradesh
128,Naksh Nayak,udant11@example.com,2026-09-20,Jalna,Uttarakhand
129,Xalak Aurora,saanvi72@example.org,2025-06-23,Pondicherry,Sikkim
130,Fiyaz Sahni,vinaya42@example.net,2026-03-21,Raurkela Industrial Township,Jharkhand
131,Samuel Wason,ranbir23@example.com,2025-05-07,Dhanbad,Uttar Pradesh
132,Anirudh Nagi,murthyranbir@example.net,2025-04-06,Ajmer,Andhra Pradesh
133,Yahvi Sankar,ranveer55@example.org,2025-12-01,Vijayawada,Gujarat
134,Priya Chand,vincentoza@example.net,2025-10-03,Pondicherry,Kerala
135,Sanaya Nagy,morenetra@example.net,2025-10-07,Gaya,Telangana
136,Harish Bakshi,koshysai@example.net,2024-11-09,Phagwara,Gujarat
137,Upkaar Narang,ckarnik@example.org,2026-04-16,Alwar,Manipur
138,Chanakya Dixit,dewanniharika@example.net,2025-03-10,Ghaziabad,Tripura
139,Ekani Bhatnagar,janaki88@example.org,2026-07-08,Pudukkottai,Tamil Nadu
140,Anika Lad,advikhayer@example.org,2025-05-14,Rajpur Sonarpur,Madhya Pradesh
141,Yashoda Mital,sehgalaradhana@example.com,2025-09-06,Rourkela,Kerala
142,Tripti Banerjee,prabhuurmi@example.org,2025-03-02,Bathinda,Gujarat
143,Ekta Lal,vrindamannan@example.com,2025-02-08,Yamunanagar,West Bengal
144,Prisha Deep,malhotrawaida@example.org,2025-10-05,Ichalkaranji,Mizoram
145,Vedika Basak,saranaashi@example.org,2026-01-02,Allahabad,Assam
146,Falguni Padmanabhan,deolucchal@example.net,2026-05-24,Mehsana,Karnataka
147,Bimala Shere,yohannanlekha@example.net,2025-07-24,Rampur,Andhra Pradesh
148,Anusha Narayan,balhaar29@example.com,2025-04-08,Muzaffarnagar,Manipur
149,Vrishti Pant,frado76@example.org,2025-04-29,Khandwa,Haryana
150,Jackson Magar,netra34@example.org,2026-09-03,Panihati,West Bengal
151,Vasudha Venkatesh,saumya67@example.org,2024-11-17,Amravati,Andhra Pradesh
152,Max Chahal,girindra05@example.com,2025-03-30,Phagwara,Rajasthan
153,Xalak Rao,onkar60@example.net,2026-05-04,Durgapur,Chhattisgarh
154,Sarthak Mitter,ychakraborty@example.com,2025-01-22,Proddatur,Tamil Nadu
155,Aarna Kakar,hemangini25@example.net,2026-02-23,Patiala,Telangana
156,Banjeet Bora,suhanipal@example.net,2024-11-11,Dhule,Manipur
157,Jagrati Nayak,qlad@example.org,2026-06-21,Bangalore,Bihar
158,Zashil Tailor,mannequincy@example.org,2025-09-22,Faridabad,Punjab
159,Nimrat Padmanabhan,naiksamesh@example.org,2025-07-01,Kurnool,Goa
160,Maanav Bajaj,sudikshamuni@example.org,2025-08-29,Karimnagar,Haryana
161,Joshua Ratta,aishaniraman@example.net,2025-02-24,Shahjahanpur,Manipur
162,Tamanna Varma,bandimeera@example.com,2025-10-23,Bhavnagar,Rajasthan
163,Balhaar Subramanian,sachi62@example.org,2025-03-06,Karawal Nagar,Andhra Pradesh
164,Ojas Balan,aptereyansh@example.org,2025-12-11,Imphal,Arunachal Pradesh
165,Yamini Parikh,ladleela@example.net,2025-12-19,Sangli-Miraj & Kupwad,Uttarakhand
166,Kashish Agate,lokenachiket@example.com,2025-11-10,Bardhaman,Kerala
167,Amrita Kala,gnadig@example.net,2025-03-17,Nanded,Chhattisgarh
168,Harsh Raval,gardemanthan@example.net,2025-01-24,Rajkot,Madhya Pradesh
169,Ranbir Sarraf,banikrohan@example.com,2026-06-20,Ahmedabad,Jharkhand
170,Avi Narasimhan,chahalsiya@example.com,2025-09-19,Tinsukia,West Bengal
171,Deepa Tara,ochaudry@example.org,2026-01-26,Danapur,Chhattisgarh
172,Darpan Bose,hayeramol@example.com,2024-10-01,Narasaraopet,Goa
173,Matthew Ram,yugsane@example.com,2025-03-22,Sultan Pur Majra,Haryana
174,Faris Nazareth,jben@example.com,2026-07-26,Jalandhar,Odisha
175,Kashvi Kala,bordeneel@example.org,2025-02-27,Madurai,Punjab
176,Zehaan Devi,hdubey@example.org,2024-12-29,Tiruchirappalli,Chhattisgarh
177,Lucky Shenoy,yashica20@example.org,2026-03-25,Kottayam,Tripura
178,Joshua Banik,khuranalila@example.org,2026-01-29,Indore,Haryana
179,Kamya Khatri,jlad@example.com,2025-01-09,Chennai,Punjab
180,Alka Batta,girindra46@example.net,2025-07-09,Ongole,Tripura
181,Indali Ganesh,ykhatri@example.net,2025-03-28,Nadiad,Nagaland
182,Ojasvi Dubey,barkha05@example.org,2025-05-05,Jehanabad,Assam
183,Wazir Choudhury,timothykumar@example.org,2025-10-24,Phusro,Arunachal Pradesh
184,Ganga Shukla,saibanerjee@example.org,2025-11-02,Panihati,Karnataka
185,Nidra Murty,paiaayush@example.com,2025-01-18,Morena,Tripura
186,Barkha Mishra,dominic08@example.org,2026-06-16,Amravati,Nagaland
187,Chakradhar Kala,idika88@example.com,2025-03-24,Gangtok,Tamil Nadu
188,Theodore Ramesh,poojajayaraman@example.net,2025-03-29,Ongole,Manipur
189,Kamala Koshy,theodore84@example.com,2025-10-09,Hapur,Assam
190,Ayush Nigam,bajwaayushman@example.net,2025-07-07,Jalgaon,Mizoram
191,Rachit Dubey,udarshdora@example.org,2025-03-01,Guntakal,Andhra Pradesh
192,Eshana More,iyengarbina@example.com,2024-10-09,Bardhaman,Tripura
193,Omkaar Mistry,kuruvillaomkaar@example.com,2024-10-04,Ratlam,Karnataka
194,Xalak Rajan,zsehgal@example.com,2024-10-27,Jhansi,Jharkhand
195,Aahana Bhatti,inaya59@example.com,2025-11-26,Indore,Andhra Pradesh
196,Arunima Ramachandran,madanjack@example.org,2024-12-26,Mira-Bhayandar,Andhra Pradesh
197,Caleb Prabhu,tara00@example.com,2025-01-02,Farrukhabad,Bihar
198,Ishaan Oza,purijagvi@example.com,2025-12-15,Gudivada,Bihar
199,Pushti Keer,fitan80@example.net,2026-05-16,Gandhinagar,Mizoram
200,Yoshita Bumb,faris38@example.net,2025-08-03,Nellore,Arunachal Pradesh
201,Elijah Rau,balvan85@example.net,2025-06-11,Dharmavaram,Jharkhand
202,Divya Contractor,csastry@example.com,2025-01-18,Howrah,Nagaland
203,Daksha Rana,nbatra@example.org,2025-03-26,Madhyamgram,Sikkim
204,Nathaniel Jhaveri,jcherian@example.net,2025-07-19,Visakhapatnam,Uttarakhand
205,Jagrati Ranganathan,kantmeghana@example.com,2025-06-10,Anand,Andhra Pradesh
206,Viraj Parikh,meghana30@example.net,2026-03-27,Barasat,West Bengal
207,Mahika Contractor,scheema@example.net,2024-11-17,Mahbubnagar,Sikkim
208,Abha Dutt,atharv74@example.net,2024-12-29,Anand,Tamil Nadu
209,Ryan Hora,pranit00@example.net,2025-04-15,Munger,Tripura
210,Shravya Butala,lopa12@example.org,2026-06-22,Surat,Bihar
211,Kala Dass,shauryadevi@example.org,2026-08-25,Nellore,Manipur
212,Varsha Prakash,bhavsarbaljiwan@example.net,2025-04-16,Dharmavaram,Maharashtra
213,Warjas Varkey,priyabalakrishnan@example.org,2026-09-10,Yamunanagar,Sikkim
214,Saanvi Raman,bailnitesh@example.org,2026-02-01,Yamunanagar,Manipur
215,Chandran Modi,vasazayyan@example.com,2024-11-18,Kolkata,Bihar
216,Oliver Srinivas,irakhare@example.net,2025-01-11,Ulhasnagar,Arunachal Pradesh
217,Warinder Kapadia,paninimurthy@example.org,2025-05-09,Guntakal,West Bengal
218,Advay Kashyap,pranavvenkataraman@example.org,2025-06-24,Ambattur,Tripura
219,Vincent Peri,barya@example.com,2025-07-04,Varanasi,Mizoram
220,Anusha Mand,girish41@example.net,2025-09-02,Cuttack,Andhra Pradesh
221,Yochana Char,sudikshaseshadri@example.com,2026-02-13,Howrah,Rajasthan
222,Zehaan Char,rreddy@example.com,2026-08-13,Agra,Karnataka
223,Yutika Kala,zansi27@example.org,2025-12-01,Jalandhar,Karnataka
224,Hema Chawla,davidbhattacharyya@example.org,2025-09-21,Jaunpur,Manipur
225,Frado Kunda,dsubramanian@example.com,2026-07-08,Mango,Goa
226,Samesh Cheema,bachittar48@example.com,2025-04-23,Bhiwani,Rajasthan
227,Oliver Parmer,faraslad@example.com,2026-09-15,Shahjahanpur,Jharkhand
228,Chandani Bera,obassi@example.net,2025-02-21,Noida,Tripura
229,Elijah Magar,abhimanyu65@example.net,2025-12-27,Bettiah,West Bengal
230,Neelima Batra,advik82@example.net,2026-02-21,Bhilwara,Nagaland
231,Hamsini Upadhyay,bhavnaramesh@example.org,2026-07-29,Ajmer,Haryana
232,Ganga Gara,inaya09@example.net,2025-09-06,Bhind,Tamil Nadu
233,Advay Date,fchanda@example.com,2025-01-08,Jamshedpur,Rajasthan
234,Sara Sibal,farajpandey@example.com,2024-09-30,Nangloi Jat,Manipur
235,Ganga Rau,ridhivasa@example.net,2025-12-09,Ghaziabad,Andhra Pradesh
236,Eta Date,rajata85@example.com,2026-06-23,Srikakulam,Uttar Pradesh
237,Xalak Mander,nsarkar@example.net,2025-02-11,Ramgarh,Goa
238,Yashasvi Parmer,kiberaksha@example.org,2025-03-28,Nashik,Punjab
239,Zehaan Bedi,girindrasani@example.org,2026-02-02,Tirunelveli,West Bengal
240,Victor Lad,finnrege@example.net,2025-08-29,Bongaigaon,Sikkim
241,Nathaniel Master,samarthbir@example.org,2026-02-22,Madhyamgram,Arunachal Pradesh
242,Gautam Mittal,jeevika08@example.net,2025-05-12,Danapur,West Bengal
243,Lucky Bala,rlall@example.org,2025-03-08,Chennai,Arunachal Pradesh
244,Kabir Ahluwalia,atwalyug@example.com,2024-11-25,Begusarai,Chhattisgarh
245,Lila Date,leenasem@example.net,2025-07-14,Ambarnath,Tamil Nadu
246,Ansh Dasgupta,gaurang14@example.com,2026-08-05,Salem,West Bengal
247,Nathan Hari,naveen56@example.net,2025-01-17,Indore,Jharkhand
248,Udyati Bala,barkha66@example.com,2026-06-11,Kirari Suleman Nagar,Himachal Pradesh
249,Amaira Wali,qasimsabharwal@example.net,2024-09-25,Bhilwara,Tamil Nadu
250,Yachana Ganesan,gbadami@example.net,2025-06-22,Jorhat,Odisha
251,Deepa Kapoor,satheridhi@example.com,2026-09-10,Kolhapur,Rajasthan
252,Onkar Viswanathan,rudra01@example.org,2025-04-10,Raurkela Industrial Township,Bihar
253,Chaitanya Mammen,subramanianudant@example.com,2025-05-22,Dibrugarh,Tamil Nadu
254,Akshay Patel,yug31@example.com,2024-10-06,Danapur,Manipur
255,Qadim Dugar,hritik81@example.org,2025-12-12,Satara,Telangana
256,Brijesh Kari,harish80@example.com,2025-04-22,Delhi,Telangana
257,Isha Ramaswamy,egarg@example.org,2026-02-21,Sambhal,Sikkim
258,Mason Chhabra,knarula@example.net,2026-03-19,Pallavaram,Rajasthan
259,Kabir Roy,fwadhwa@example.org,2025-08-18,Amravati,Arunachal Pradesh
260,Azaan Saini,surdipta@example.net,2026-08-27,Karaikudi,Kerala
261,Edhitha Lalla,vedantmisra@example.net,2025-11-01,Ahmedabad,Odisha
262,Devika Kata,pandeyazad@example.net,2025-08-26,Uluberia,Odisha
263,Fitan Borde,fdate@example.net,2025-03-06,Vijayawada,Mizoram
264,Ojasvi Mannan,nazarethridhi@example.net,2026-08-08,Saharsa,Odisha
265,Kalpit Sarraf,rajumatthew@example.com,2025-12-30,Moradabad,Odisha
266,Omkaar Sarraf,rbhavsar@example.org,2026-09-12,Pimpri-Chinchwad,Arunachal Pradesh
267,Abdul Master,jatin00@example.net,2024-10-08,Malda,Goa
268,Bhavika Narasimhan,sainifrado@example.org,2024-11-08,Bijapur,Nagaland
269,Harrison Choudhry,aroravinaya@example.com,2025-09-14,Kumbakonam,Uttar Pradesh
270,Kala Kunda,kdixit@example.net,2025-07-31,Satara,Gujarat
271,Samuel Randhawa,warda83@example.com,2026-01-05,Raipur,Telangana
272,Jagat Char,william75@example.net,2026-06-18,Maheshtala,Rajasthan
273,Yamini Mammen,vyanjanamaster@example.org,2025-02-22,Medininagar,Arunachal Pradesh
274,Dipta Nori,ghoshamaira@example.net,2025-11-04,Bidar,Odisha
275,Jeremiah Tara,zilmilreddy@example.org,2026-08-15,Proddatur,Madhya Pradesh
276,Ishwar Rout,ria36@example.com,2025-04-06,Junagadh,Bihar
277,Harita Doshi,parmarkamala@example.com,2025-05-13,Rajahmundry,Karnataka
278,Ayush Date,krishnaganguly@example.net,2024-09-25,Madhyamgram,Bihar
279,Tejas Patil,gabrielbadami@example.net,2024-10-06,Thanjavur,Kerala
280,Raagini Prabhakar,ohari@example.net,2026-06-11,Agra,Punjab
281,Lakshmi Agarwal,sabharwalmitesh@example.org,2026-02-08,Pali,Odisha
282,Joshua Bobal,vincentkumer@example.net,2025-11-30,Guna,Mizoram
283,Chaitanya Sarma,christopher84@example.org,2025-02-20,Phagwara,Madhya Pradesh
284,Yoshita Nigam,xtaneja@example.com,2025-08-07,Naihati,Tamil Nadu
285,Upasna Peri,rbatta@example.com,2026-04-17,Patna,Goa
286,Bhavika Vig,sakshamkanda@example.com,2025-12-17,Rajahmundry,West Bengal
287,Nicholas Jha,patilxalak@example.com,2025-12-22,Jorhat,Maharashtra
288,Mahika Gill,rohan33@example.net,2025-06-11,Kottayam,Jharkhand
289,Nidhi Chad,kprasad@example.net,2024-12-30,Ghaziabad,Bihar
290,Aarav Kale,mahajanshaurya@example.org,2026-04-25,Rewa,Andhra Pradesh
291,Turvi Goswami,vidhi91@example.org,2025-10-11,Phagwara,Gujarat
292,Jacob Shroff,nagyyashica@example.org,2025-12-17,Srinagar,Jharkhand
293,Bhavika Lanka,sanaya89@example.net,2026-01-14,Vellore,Telangana
294,Brijesh Char,tchatterjee@example.com,2026-07-09,Morena,Odisha
295,Azaan Dey,loyaledhitha@example.net,2025-05-13,Ongole,Andhra Pradesh
296,Isha Taneja,spall@example.net,2024-11-29,Udaipur,West Bengal
297,Chakrika Krishnan,nsood@example.com,2026-06-05,Mehsana,Kerala
298,Abdul Doshi,ybuch@example.org,2025-12-18,Aizawl,Uttarakhand
299,Jack Prakash,tarakbora@example.org,2026-04-01,Chapra,Assam
300,Tanmayi Raval,mbajwa@example.org,2025-02-13,Mira-Bhayandar,Andhra Pradesh
301,Pushti Gupta,talwarfariq@example.org,2025-09-16,Yamunanagar,Mizoram
302,Avni Pillai,ramanathankabir@example.net,2025-12-25,Vadodara,Bihar
303,Varsha Talwar,anikawagle@example.net,2024-11-01,Ramagundam,Madhya Pradesh
304,Ekani Deshmukh,nitarasoman@example.com,2025-02-14,Panchkula,Sikkim
305,Gavin Chander,jeevikaloke@example.org,2024-10-05,Jodhpur,Punjab
306,Warhi Bail,mitrafaqid@example.net,2026-07-31,Shahjahanpur,Sikkim
307,Yadavi Mukhopadhyay,psundaram@example.net,2024-12-26,Gurgaon,Punjab
308,Ekapad Saxena,mandalreyansh@example.org,2025-04-30,Kolhapur,Madhya Pradesh
309,Abhiram Sani,gardeaashi@example.net,2025-07-13,Satara,Karnataka
310,Zansi Kumer,joshua44@example.net,2025-10-20,Vadodara,Rajasthan
311,Hemani Rajan,xalak09@example.com,2026-09-25,Varanasi,Nagaland
312,Anjali Kuruvilla,upkaarkibe@example.net,2025-12-23,Ambattur,Jharkhand
313,Aarnav Chacko,chaudryharita@example.org,2025-05-03,Raurkela Industrial Township,Assam
314,Jasmit Deshpande,max45@example.org,2026-06-18,Buxar,Odisha
315,Lila Balay,dev85@example.org,2025-04-13,Ulhasnagar,Gujarat
316,Raksha Basu,neelima16@example.com,2026-06-19,Kota,Arunachal Pradesh
317,Ayushman Dutt,samratamanna@example.org,2024-12-07,Rampur,Telangana
318,Daksh Soni,priyayogi@example.org,2026-03-05,Sultan Pur Majra,Madhya Pradesh
319,Jack Bumb,vsawhney@example.net,2025-11-13,Tezpur,Manipur
320,Rachana Viswanathan,wadhwajatin@example.com,2025-07-27,Jalna,Karnataka
321,Rushil Baral,omishapandey@example.org,2025-02-17,Ichalkaranji,Himachal Pradesh
322,Diya Mitter,quincyghose@example.com,2025-12-18,Ranchi,Punjab
323,Baghyawati Kohli,rmukherjee@example.net,2025-11-05,Davanagere,Goa
324,Warjas Dora,kadenachiket@example.net,2026-05-16,Vadodara,Bihar
325,Zilmil Sridhar,rajuagastya@example.org,2025-05-11,Hajipur,Meghalaya
326,Imaran Saran,unni87@example.org,2025-12-15,Phagwara,Manipur
327,Dalbir Behl,anusha64@example.org,2026-05-26,Varanasi,Bihar
328,Yachana Saran,forum11@example.org,2025-03-16,Udaipur,Chhattisgarh
329,Ijaya Muni,abhimanyudugal@example.com,2025-01-14,Madanapalle,Chhattisgarh
330,Meera Ramaswamy,liambarad@example.com,2025-03-23,Tezpur,Manipur
331,George Sahni,agarg@example.com,2025-08-15,Machilipatnam,Punjab
332,Vedhika Pant,shanmason@example.org,2024-12-23,Jhansi,Himachal Pradesh
333,Ethan Dhawan,reddynetra@example.org,2025-09-15,Gandhidham,Odisha
334,Ayushman Raja,barkhabanik@example.com,2026-01-26,Sambalpur,Gujarat
335,Januja Rastogi,bakhshi28@example.com,2026-06-14,Barasat,Chhattisgarh
336,Radha Tella,yash29@example.net,2026-02-09,Thanjavur,Madhya Pradesh
337,Jagrati Srinivasan,garimapalla@example.com,2026-05-07,Bhiwani,Tripura
338,Ojas Khatri,brarsai@example.com,2025-08-06,Ambattur,Tamil Nadu
339,Lavanya Madan,hseshadri@example.org,2024-12-23,Rajahmundry,Jharkhand
340,Teerth Contractor,khannabhavani@example.net,2025-07-13,Dewas,Odisha
341,Guneet Sachdev,sarmaaarini@example.org,2024-11-07,Sirsa,Karnataka
342,Gaurav Dara,kapadialipika@example.org,2025-09-22,Sikar,West Bengal
343,Yahvi Palla,ishanvi84@example.net,2025-07-17,Patiala,Arunachal Pradesh
344,Dipta Dara,mangatkavya@example.org,2024-10-19,Begusarai,West Bengal
345,Xiti Shetty,nathan12@example.net,2025-06-04,Junagadh,Andhra Pradesh
346,Xiti Rana,ichander@example.net,2025-02-26,Nizamabad,Jharkhand
347,George Hayer,atwalekani@example.net,2025-09-13,Rourkela,Tripura
348,Manya More,imaranbhakta@example.net,2025-12-05,Haldia,Tripura
349,Ladli Rao,aurorayagnesh@example.org,2025-04-07,Bhind,Uttar Pradesh
350,Vidhi Cherian,wvenkataraman@example.net,2026-04-05,Ichalkaranji,Mizoram
351,Anusha Patla,sethkeya@example.org,2026-01-09,Kozhikode,Arunachal Pradesh
352,Zehaan Mammen,chatreshseth@example.com,2024-11-20,Danapur,Telangana
353,Gautami Maharaj,shivansh63@example.net,2026-08-22,Shimla,Karnataka
354,Amruta Goyal,mmittal@example.net,2025-05-04,Begusarai,Kerala
355,Alexander Rege,sodhibarkha@example.com,2024-10-15,Mango,Gujarat
356,Bishakha Mitra,fpillay@example.org,2024-10-03,Tumkur,Andhra Pradesh
357,Aashi Kata,somhredhaan@example.org,2025-06-03,Bulandshahr,Maharashtra
358,Amruta Upadhyay,anikakala@example.org,2026-06-15,Aizawl,Karnataka
359,Libni Choudhury,tejas33@example.com,2024-12-05,Kumbakonam,Andhra Pradesh
360,Mahika Agrawal,bhavyagoda@example.com,2025-09-15,Bilaspur,Andhra Pradesh
361,Pranav Sankaran,usarna@example.org,2026-01-05,Loni,Assam
362,Aarna Shenoy,chaudharyucchal@example.net,2025-05-11,Anantapuram,Uttarakhand
363,Henry Ravel,ekaraj02@example.net,2026-07-05,Raichur,Karnataka
364,Sathvik Raman,vyasnoah@example.net,2026-06-18,Agra,Karnataka
365,Amara Din,nagyshravya@example.org,2025-02-25,Mysore,Chhattisgarh
366,Devansh Shah,chaudharisara@example.net,2025-12-30,Bahraich,Haryana
367,Ekbal Chakraborty,vjohal@example.com,2026-04-01,Thiruvananthapuram,Goa
368,Chameli Sarraf,jasonmurty@example.net,2024-10-11,Haldia,Karnataka
369,Gautam Dhar,vivaan61@example.net,2026-07-02,Nagercoil,Maharashtra
370,Baljiwan Warrior,kalpitsahota@example.com,2025-09-13,Navi Mumbai,Haryana
371,Manya Sodhi,umane@example.org,2026-05-03,Chittoor,Odisha
372,Arin Gera,xloyal@example.com,2026-07-27,Baranagar,Himachal Pradesh
373,Darpan Nanda,fdani@example.net,2025-09-19,Hubli–Dharwad,Assam
374,Chandani Sharma,gillojas@example.com,2026-08-02,Tezpur,Meghalaya
375,Aradhana Bhagat,ayushman16@example.org,2026-04-08,Eluru,Telangana
376,Gaurika Dutta,kadakianoah@example.org,2026-01-04,Bhilwara,Uttarakhand
377,Max Kannan,sabharwaljagvi@example.net,2026-09-18,Ozhukarai,Nagaland
378,Faras Bora,rehaan29@example.com,2026-07-20,Vasai-Virar,Mizoram
379,Yashawini Choudhary,tanmayi38@example.org,2025-12-07,Raurkela Industrial Township,Arunachal Pradesh
380,Unnati Minhas,janujaghose@example.org,2025-10-05,Madhyamgram,Chhattisgarh
381,Osha Nagar,xsankaran@example.com,2025-03-09,Guna,Telangana
382,Logan Gole,ojoshi@example.org,2025-12-06,Silchar,Kerala
383,Xalak Andra,nihal01@example.com,2026-05-22,Meerut,Madhya Pradesh
384,Keya Grewal,mitalibhatt@example.net,2024-12-02,Karnal,Odisha
385,Girik Sinha,suhani17@example.org,2025-05-14,Meerut,Andhra Pradesh
386,Wriddhish Ranganathan,fissac@example.com,2025-02-26,Dibrugarh,Kerala
387,Chakradhar Goyal,widisha48@example.net,2026-01-04,Alwar,Chhattisgarh
388,Advika Sharaf,qgoswami@example.org,2026-02-01,Bidar,Kerala
389,Wakeeta Rout,gopal19@example.com,2024-10-17,Indore,Chhattisgarh
390,Yashoda Modi,rachana61@example.net,2025-07-24,Ambala,Tripura
391,Wishi Pathak,darshandra@example.org,2026-06-14,Warangal,Chhattisgarh
392,Ekantika Gade,ztoor@example.net,2025-04-12,Naihati,Mizoram
393,Theodore Andra,vben@example.com,2025-03-30,Pondicherry,Tamil Nadu
394,Zehaan Hayre,vasana18@example.org,2025-03-28,Kamarhati,Himachal Pradesh
395,Irya Nori,nandamadhav@example.org,2025-01-11,Begusarai,Assam
396,Sai Karan,chakradevbal@example.net,2025-04-07,Secunderabad,Himachal Pradesh
397,Krishna Boase,michael81@example.org,2026-07-10,North Dumdum,Meghalaya
398,Vedhika Suresh,madhavborde@example.net,2026-08-03,Tirupati,West Bengal
399,Aarush Bhatia,advikacontractor@example.com,2024-11-20,Sambalpur,Arunachal Pradesh
400,Ekbal Suresh,jason03@example.org,2024-12-25,Tinsukia,Madhya Pradesh
401,Unni Thakur,bjani@example.org,2025-08-16,Uluberia,Bihar
402,Azaan Bir,wbora@example.net,2025-06-16,Kamarhati,Assam
403,Nachiket Kannan,choudhryparth@example.net,2026-06-18,Tirunelveli,Assam
404,Ijaya Kala,vasudha14@example.net,2026-09-10,Mangalore,Odisha
405,Yashasvi Oak,samar05@example.com,2025-01-05,Vellore,Nagaland
406,Sarthak Bhandari,vsanghvi@example.com,2024-10-27,Bhusawal,Punjab
407,Robert Seth,behlnitesh@example.com,2026-01-12,Ambarnath,West Bengal
408,Urvashi Bhavsar,madhavdar@example.org,2026-02-06,Howrah,Jharkhand
409,Tamanna Ganesan,krishamadan@example.org,2026-04-03,Chennai,Kerala
410,Idika D’Alia,balveer50@example.net,2026-06-06,Deoghar,Sikkim
411,Omaja Rana,esrinivasan@example.com,2024-12-23,Ghaziabad,Himachal Pradesh
412,Nidhi Aurora,warjas63@example.net,2025-04-26,Morena,Bihar
413,Om Sethi,srivastavaomisha@example.net,2025-03-19,Khora ,Tamil Nadu
414,Wyatt Sengupta,usood@example.net,2026-09-10,Mira-Bhayandar,Maharashtra
415,Dev Sanghvi,sbains@example.net,2025-07-23,Kishanganj,Madhya Pradesh
416,Amara Sankar,balaabha@example.com,2025-07-11,Siwan,Sikkim
417,Zaid Maharaj,lchakraborty@example.net,2025-09-05,Malda,Manipur
418,Mugdha Nagar,meghanadube@example.org,2026-02-05,Chinsurah,Mizoram
419,Yagnesh Tara,esuri@example.org,2025-08-29,Kolhapur,Uttarakhand
420,Ikshita Barad,avni95@example.net,2026-06-16,Aurangabad,Uttarakhand
421,Agastya Anne,subramaniamharita@example.com,2024-12-12,Fatehpur,Chhattisgarh
422,Ishanvi Lad,mandalaarnav@example.net,2025-12-22,Bhiwani,Nagaland
423,Krishna Subramanian,wakeetaperi@example.com,2025-12-02,Bhiwani,Uttar Pradesh
424,Pooja Tailor,manyakale@example.com,2026-03-10,Thoothukudi,Odisha
425,Bhavna Kapadia,cdugal@example.com,2025-08-27,Ozhukarai,Madhya Pradesh
426,Nachiket Sandhu,palpraneel@example.org,2025-09-02,Nashik,Sikkim
427,Charles Agate,ibhasin@example.org,2026-06-11,Raichur,Goa
428,Ekavir Keer,adweta36@example.com,2025-02-25,Etawah,Gujarat
429,Sarthak Dar,uborde@example.com,2025-04-22,Sri Ganganagar,West Bengal
430,Radha Biswas,mitalanita@example.org,2025-03-21,Bhind,Jharkhand
431,Elijah Chanda,tanmayiviswanathan@example.org,2024-11-21,Raichur,Tamil Nadu
432,Shivansh Varughese,badamishivansh@example.com,2025-05-21,Mysore,Arunachal Pradesh
433,Om Sarkar,george03@example.com,2026-07-18,Satna,Jharkhand
434,Rushil Edwin,veer38@example.org,2024-12-02,Jamshedpur,Odisha
435,Shaurya Samra,tristan03@example.com,2024-11-27,Jehanabad,Mizoram
436,Harish Bahl,faqid83@example.com,2025-09-18,Aurangabad,Chhattisgarh
437,Zilmil Krishna,daraanya@example.org,2026-05-22,Jorhat,Karnataka
438,Jagdish Goswami,aashi74@example.net,2024-10-19,Surendranagar Dudhrej,Karnataka
439,Keya Patil,mahikachad@example.org,2025-05-24,Nagercoil,Bihar
440,Tanay Barman,samuel16@example.org,2025-01-11,Ludhiana,Haryana
441,Gautam Sodhi,snatarajan@example.org,2026-01-30,Bokaro,Goa
442,Yahvi Iyengar,chaturasem@example.com,2025-03-16,Dhule,Haryana
443,Yadavi Sethi,neelima00@example.org,2025-05-18,Arrah,Chhattisgarh
444,Panini Walia,kpradhan@example.com,2026-07-25,Gudivada,Assam
445,Devika Arora,hsheth@example.com,2026-08-24,Chapra,Bihar
446,Max Chakrabarti,ahujaadweta@example.com,2026-07-05,Malda,Haryana
447,Manya Bansal,mangatria@example.net,2025-04-15,Muzaffarnagar,Rajasthan
448,Vincent Aggarwal,rbuch@example.org,2025-12-31,Kottayam,Kerala
449,Ronith Borah,atharv80@example.net,2025-01-14,Arrah,Assam
450,Hredhaan Date,chackotanvi@example.org,2026-05-01,Bareilly,Gujarat
451,Tara Deep,joshua43@example.com,2025-10-11,Bhiwandi,Haryana
452,Qadim Bhattacharyya,falankhatri@example.org,2026-05-15,Gulbarga,Telangana
453,Nikita Karan,mallickkrish@example.com,2025-06-11,Sultan Pur Majra,Sikkim
454,Sanaya Butala,unnati56@example.com,2025-11-09,Tirupati,Maharashtra
455,Faris Pradhan,csubramaniam@example.org,2026-09-11,Jamalpur,Haryana
456,Arya Dutt,umang16@example.net,2025-11-11,Kharagpur,Himachal Pradesh
457,Tanveer Nayar,bhanumatirajagopalan@example.com,2024-10-12,Bhilwara,Haryana
458,Parth Dhillon,jpillay@example.com,2025-02-19,Haridwar,Meghalaya
459,Eshana Wable,yatin41@example.org,2026-08-31,Ballia,Chhattisgarh
460,Laksh Kara,pillaimanya@example.net,2025-11-29,Gwalior,Manipur
461,Chaaya Bhardwaj,falgunidugar@example.org,2024-11-22,Malda,Maharashtra
462,Eshana Chauhan,ukadakia@example.com,2025-08-30,Berhampur,Punjab
463,Anvi Choudhary,pallnandini@example.net,2026-04-16,Tiruvottiyur,Karnataka
464,Arunima Ranganathan,sanyakara@example.org,2025-10-29,Ambala,Gujarat
465,Timothy Kurian,nadkarnikalpit@example.net,2026-05-25,Raebareli,Meghalaya
466,Meghana Roy,samarth86@example.net,2025-01-12,Bihar Sharif,Tamil Nadu
467,Bishakha Bala,amolbhatt@example.org,2026-01-31,Bulandshahr,Andhra Pradesh
468,Ijaya Mani,binapatel@example.com,2024-12-14,Phusro,Karnataka
469,Ayushman Dube,rishi30@example.com,2026-04-25,Morena,Mizoram
470,Warda Halder,dubeyvedika@example.com,2024-09-26,Chennai,Uttarakhand
471,Eta Chaudry,kumerchristopher@example.net,2026-03-26,Patiala,Maharashtra
472,Pavani Babu,panchalsanaya@example.org,2025-07-19,Chapra,Uttarakhand
473,Lucky Sekhon,hritik13@example.org,2024-10-01,Aizawl,Rajasthan
474,Jackson Mangal,bbhat@example.com,2026-06-25,Amaravati,Punjab
475,Damini Luthra,ekapadpradhan@example.org,2026-02-09,Sultan Pur Majra,Tripura
476,Akshay Subramaniam,lipika88@example.org,2025-10-11,Allahabad,Arunachal Pradesh
477,Xavier Bhargava,ichawla@example.net,2025-09-28,Kakinada,Madhya Pradesh
478,Omkaar Chawla,etamahajan@example.org,2025-01-20,Tirunelveli,Kerala
479,Janani Sidhu,unnativyas@example.com,2025-09-14,Panihati,Kerala
480,Widisha Ben,vyanjanatandon@example.org,2025-10-19,Kurnool,Karnataka
481,Ayushman Mangat,atripathi@example.com,2026-06-29,Bhiwandi,Punjab
482,Chatresh Samra,parmeraarnav@example.org,2026-03-28,Shahjahanpur,Haryana
483,Kevin Kar,meerakeer@example.org,2025-04-25,Ahmednagar,Nagaland
484,Urvi Dugal,yauvani71@example.com,2025-07-15,Anantapur,Haryana
485,Tarak Menon,mdara@example.com,2026-09-12,Latur,Punjab
486,Neelima Keer,agatevarsha@example.com,2025-10-03,Malda,Meghalaya
487,Jagvi Palla,tanayshan@example.net,2025-06-21,Hospet,Tamil Nadu
488,Teerth Virk,janani90@example.net,2025-03-26,Srinagar,West Bengal
489,Yatin Shere,jananichar@example.net,2025-06-24,Saharsa,Tamil Nadu
490,Vedika Dada,anamika19@example.net,2025-03-15,Vijayawada,Sikkim
491,Meera Deep,randhawajagrati@example.net,2026-03-24,Mau,Andhra Pradesh
492,Lopa Mane,balayash@example.com,2025-12-12,Nagercoil,Odisha
493,Maya Pant,amrita49@example.org,2026-02-27,Aizawl,Goa
494,Pranit Dara,edhithaghosh@example.com,2026-09-05,Bidar,Maharashtra
495,Inaya Sampath,gdhawan@example.net,2026-06-13,Firozabad,Meghalaya
496,Amruta Vig,godageorge@example.com,2025-06-22,Karnal,Tamil Nadu
497,Vritti Mishra,rpalan@example.org,2025-10-26,Raichur,West Bengal
498,Xiti Varty,dugalshivansh@example.net,2025-12-27,Shivpuri,Assam
499,Krishna Chakrabarti,dhruvnatt@example.org,2026-07-27,Gangtok,Tripura
500,Urishilla Mody,chaitalyissac@example.net,2025-12-13,Sagar,Madhya Pradesh
501,Daksh Shanker,fiyengar@example.org,2025-04-22,Ratlam,Kerala
502,Nidra Mutti,wbhalla@example.com,2025-02-27,Nagercoil,Haryana
503,Yashoda Dani,robert74@example.com,2025-09-05,Agra,Madhya Pradesh
504,Ati Nagy,kmohanty@example.net,2025-02-13,Udupi,West Bengal
505,Michael Memon,msanghvi@example.net,2025-01-12,Bhiwani,Jharkhand
506,Jonathan Doshi,bhatiaanvi@example.org,2024-11-23,Jorhat,Sikkim
507,Chavvi Nanda,aarav27@example.org,2026-01-27,Gwalior,Haryana
508,Fariq Chaudry,chaitaly93@example.com,2026-01-31,Dehri,Mizoram
509,Ekanta Verma,shroffchristopher@example.net,2025-01-30,Mahbubnagar,Chhattisgarh
510,Radha Bail,qpathak@example.org,2025-10-07,Rourkela,Uttarakhand
511,Max Luthra,kannandaniel@example.net,2025-02-11,Kochi,Sikkim
512,Damini Bhandari,ekaja29@example.net,2024-10-16,Warangal,Haryana
513,Janya Mishra,baghyawatiraju@example.net,2025-11-05,Raebareli,Maharashtra
514,Arin Lanka,dhillonisaiah@example.net,2025-12-06,Chittoor,Madhya Pradesh
515,Fariq Chaudhry,deoaradhana@example.net,2025-02-11,Nangloi Jat,Telangana
516,Triveni Batra,bhavsarkashish@example.com,2025-02-05,Chapra,Madhya Pradesh
517,Alka Babu,kkannan@example.org,2026-05-25,Purnia,Nagaland
518,Qarin Khalsa,talwardarika@example.org,2026-02-11,Avadi,Assam
519,Chanchal Kala,jasmit55@example.com,2026-02-22,Mumbai,West Bengal
520,Priya Vyas,yauvani92@example.org,2025-05-02,Tiruvottiyur,Arunachal Pradesh
521,Pallavi Ravel,ivyas@example.net,2026-09-09,Nagercoil,Gujarat
522,Ojasvi Chaudhari,senguptachanchal@example.com,2025-02-08,Varanasi,Tamil Nadu
523,Zinal Kata,yashawininayak@example.org,2024-11-01,Muzaffarnagar,Haryana
524,Karan Dhar,fborah@example.net,2025-07-03,Sangli-Miraj & Kupwad,Karnataka
525,Yug Parekh,msankar@example.net,2026-04-28,Ichalkaranji,Sikkim
526,Harita Sandal,vasatikasolanki@example.com,2026-05-08,Nadiad,Assam
527,Urvashi Badami,frado06@example.com,2025-03-14,Amaravati,Uttarakhand
528,Reyansh Sen,acherian@example.net,2025-07-06,Silchar,Mizoram
529,Joshua Chaudhry,avni72@example.org,2026-04-15,Junagadh,Jharkhand
530,Aishani Aggarwal,zayansathe@example.org,2025-02-23,Panvel,Andhra Pradesh
531,Xalak Murthy,darpanbandi@example.net,2025-10-30,Nanded,Bihar
532,Oviya Date,raghavghosh@example.org,2025-11-25,Korba,Kerala
533,Raagini Prashad,isha96@example.net,2026-09-25,Bharatpur,Assam
534,Ekiya Seth,vedika85@example.com,2026-05-24,Bhalswa Jahangir Pur,Tamil Nadu
535,Warhi Datta,jairajwagle@example.net,2025-10-29,Vijayanagaram,Chhattisgarh
536,Rehaan Morar,nraja@example.org,2025-11-07,Jammu,Uttarakhand
537,Simon Purohit,chakrika91@example.org,2026-01-15,Jorhat,Tripura
538,Mitesh Garg,yadavi38@example.org,2026-04-23,Panihati,Manipur
539,Aadhya Pingle,dsinghal@example.net,2026-01-22,Kumbakonam,Jharkhand
540,Gunbir Solanki,yahvi15@example.com,2025-08-14,Khandwa,Karnataka
541,Chaitanya Shankar,hayretanveer@example.net,2026-05-14,Rampur,Tamil Nadu
542,Vasatika Pandit,lsubramaniam@example.com,2024-12-05,Imphal,Haryana
543,Qasim Wali,nkaur@example.net,2026-02-25,Indore,Gujarat
544,Jasmit Chokshi,bassihritik@example.net,2026-08-29,Durgapur,Maharashtra
545,Farhan Kapadia,zguha@example.net,2025-12-08,Mumbai,Punjab
546,Rehaan Tank,kabir71@example.org,2024-12-21,Malda,Uttarakhand
547,Ethan Sami,dhriti97@example.org,2026-04-15,Orai,Bihar
548,Lakshit Mitra,nwarrior@example.com,2026-01-03,Panchkula,Tripura
549,Udyati Goswami,faris51@example.net,2025-08-08,Bharatpur,Bihar
550,Lekha Nanda,nayarpanini@example.org,2026-01-15,Sambhal,Bihar
551,Yochana Mangal,karansanghvi@example.com,2026-09-16,Karaikudi,Mizoram
552,Robert Kata,naiduxavier@example.net,2026-04-06,Vasai-Virar,Tripura
553,Faris Kulkarni,matthewganesh@example.net,2025-04-19,Motihari,Himachal Pradesh
554,Zilmil Mittal,bdeep@example.org,2025-05-26,Chennai,West Bengal
555,Faqid Golla,amruta43@example.net,2025-07-31,Guna,Assam
556,Yashasvi Sagar,thakerjoshua@example.org,2025-01-02,Tirupati,Gujarat
557,Avi Dhaliwal,saidoctor@example.org,2026-01-30,Dhanbad,Nagaland
558,Jagvi Oza,hdesai@example.net,2025-03-15,Sasaram,Meghalaya
559,Harsh Jayaraman,mitali87@example.net,2024-10-22,Haridwar,Himachal Pradesh
560,Ekanta Chana,damyantikannan@example.net,2025-04-26,Karaikudi,Tamil Nadu
561,Hemang Dutt,kiaanparikh@example.com,2026-08-08,Machilipatnam,Sikkim
562,Indali Raman,chahallipika@example.org,2026-08-11,Chittoor,Haryana
563,Mohammed Borah,zarnamalhotra@example.net,2026-03-24,Malegaon,Uttarakhand
564,Balvan Bora,girish97@example.net,2026-03-17,Sambalpur,Tamil Nadu
565,Vihaan Jayaraman,ojas02@example.org,2024-11-02,Gorakhpur,Odisha
566,Sai Mall,venkataramansaanvi@example.com,2026-03-02,Tiruppur,Jharkhand
567,Triya Sidhu,warinderyogi@example.org,2024-10-15,Bhagalpur,Andhra Pradesh
568,Kamya Lala,sachishere@example.net,2024-11-10,Chandigarh,Uttarakhand
569,Fariq Oza,kalitaquincy@example.org,2026-02-01,Bhimavaram,Telangana
570,Wazir Date,gauri48@example.net,2025-08-18,Meerut,Punjab
571,Aadi Dube,anushanatarajan@example.com,2026-08-14,Jamshedpur,Chhattisgarh
572,Champak Dani,lila63@example.com,2024-10-20,Maheshtala,Assam
573,Fitan D’Alia,dkhatri@example.com,2026-08-04,Thrissur,Sikkim
574,Tanay Bose,aachal73@example.org,2025-11-24,Rewa,Kerala
575,Ikbal Bajaj,hamsinivaidya@example.com,2025-06-09,Berhampur,Kerala
576,Bhavani Balakrishnan,fpillay@example.org,2026-06-09,Deoghar,Meghalaya
577,David Gola,gavin50@example.net,2026-06-28,Munger,Tamil Nadu
578,Eiravati Nori,udarshsawhney@example.org,2025-12-03,Hajipur,Maharashtra
579,Mason Rau,wadhwachristopher@example.org,2025-09-10,Thane,West Bengal
580,Anthony Wali,tara55@example.org,2025-03-16,Katihar,Rajasthan
581,Amruta Nagi,sarabora@example.com,2026-03-29,Kolhapur,Chhattisgarh
582,Vedika Sane,qsarma@example.com,2024-10-04,Kolhapur,Jharkhand
583,George Deshmukh,nitara74@example.net,2026-06-07,Farrukhabad,Meghalaya
584,Owen Balasubramanian,ridhi80@example.com,2026-05-01,Bidhannagar,Uttar Pradesh
585,Ronith Kala,sarinkashish@example.net,2025-08-30,Dindigul,Meghalaya
586,Hema Tank,eesha75@example.org,2025-02-07,Motihari,Kerala
587,Ishita Saxena,wyattdeshpande@example.org,2026-09-17,Asansol,Mizoram
588,Yashasvi Bora,duarachana@example.com,2026-06-08,Kurnool,Karnataka
589,Ridhi Hans,anay96@example.com,2026-04-28,Ulhasnagar,Kerala
590,Chandran Mukhopadhyay,cde@example.net,2025-08-11,Anantapur,Odisha
591,Tanish Ravi,onveerpatla@example.com,2025-12-17,Akola,Mizoram
592,Aadi Pillay,naidunidhi@example.com,2024-12-06,Bulandshahr,Himachal Pradesh
593,Edhitha Oak,pbahri@example.com,2026-04-15,Muzaffarpur,Punjab
594,Amol Deep,thomas83@example.net,2026-04-29,Tenali,Meghalaya
595,Ekantika Ahuja,chhabranoah@example.org,2025-10-21,Kulti,Maharashtra
596,Amol Gala,widisha20@example.com,2025-01-16,Burhanpur,Tamil Nadu
597,Yashasvi Sandhu,george77@example.com,2025-10-16,Ramgarh,Himachal Pradesh
598,Maya Ganguly,darshpradhan@example.org,2025-04-12,Rampur,Haryana
599,Peter Narang,diya41@example.org,2025-07-08,Rourkela,Rajasthan
600,Irya Bajaj,calebsama@example.net,2025-07-02,Rohtak,Odisha
601,Pratyush Agarwal,charles31@example.com,2025-02-12,Uluberia,Sikkim
602,Shravya Sachdev,anamika20@example.net,2026-05-27,Yamunanagar,Chhattisgarh
603,Chavvi Sura,sanyashan@example.org,2025-12-12,Tirunelveli,Gujarat
604,Advaith Ravel,wmangat@example.org,2026-07-18,Aizawl,Punjab
605,Aahana Mittal,bhatnagaranusha@example.net,2024-10-07,Ghaziabad,Jharkhand
606,Tejas Chanda,kamala01@example.org,2026-03-07,Bulandshahr,West Bengal
607,Faqid Wali,majumdarsamuel@example.com,2025-01-26,Sikar,Goa
608,Guneet Date,cdhar@example.net,2024-11-19,Durg,Mizoram
609,Hema Manne,dugarlibni@example.net,2026-06-19,Guna,Gujarat
610,Utkarsh Butala,natarajanreva@example.net,2025-08-18,Arrah,Kerala
611,Ojas Kale,lilabobal@example.com,2025-02-18,Bhilai,Karnataka
612,Omya Khurana,kashishraju@example.net,2026-02-26,Alwar,Tamil Nadu
613,Gayathri Issac,omisha88@example.net,2025-06-03,Bhind,Kerala
614,Samuel Sagar,lsethi@example.com,2026-07-07,Madhyamgram,Rajasthan
615,Krisha Sodhi,xpadmanabhan@example.net,2025-12-26,Visakhapatnam,Arunachal Pradesh
616,Upma Kapur,gkaul@example.net,2026-08-10,Asansol,Uttarakhand
617,Diya Singh,simonbadal@example.net,2026-07-12,Tirupati,Nagaland
618,Bhavika Hans,kashyapbarkha@example.net,2025-05-04,Vadodara,Haryana
619,Ria Brahmbhatt,eiravati02@example.org,2025-04-19,Maheshtala,Sikkim
620,Aishani Padmanabhan,tristan06@example.net,2024-12-24,Madurai,Tripura
621,Azaan Dugal,ganesangirindra@example.net,2025-05-31,Bathinda,Sikkim
622,Aditya Kala,warda71@example.net,2025-03-13,Guntur,Meghalaya
623,Nandini Tara,varenyabahl@example.com,2025-01-03,Aligarh,Maharashtra
624,Zaitra Mitter,dnaik@example.net,2025-07-21,Chandigarh,Sikkim
625,Charita Rama,bakhshi47@example.net,2026-04-22,Howrah,Tripura
626,Ojas Baral,qmurty@example.com,2025-07-10,Rajpur Sonarpur,Chhattisgarh
627,Amol Morar,utak@example.net,2024-10-27,Khandwa,Arunachal Pradesh
628,Ladli Khare,ibaral@example.net,2024-11-15,Bhatpara,Chhattisgarh
629,Ucchal Singh,daratanay@example.net,2025-11-22,Madurai,Kerala
630,Edhitha Kumer,pantaadi@example.org,2024-10-13,Chandigarh,Maharashtra
631,Guneet Gopal,girishwalia@example.net,2025-07-03,Visakhapatnam,Mizoram
632,Yash Khurana,raghav82@example.org,2025-06-13,Kirari Suleman Nagar,Jharkhand
633,Krish Chaudhari,aadishukla@example.com,2025-09-18,Panvel,Karnataka
634,Dayamai Lala,nishasrinivas@example.org,2026-03-13,Pondicherry,Bihar
635,Andrew Iyengar,chandresh69@example.org,2026-07-16,Jamshedpur,Tripura
636,Chaaya Bora,gavinsuri@example.net,2025-01-15,Loni,Madhya Pradesh
637,Quincy Patil,eramaswamy@example.net,2025-11-07,Bellary,Mizoram
638,Triveni Kunda,khatribakhshi@example.net,2026-05-06,Rajpur Sonarpur,Sikkim
639,Manya Mammen,yohannangeetika@example.com,2025-10-30,Shivpuri,Tamil Nadu
640,Chaman Bhakta,bhavinibhandari@example.org,2025-02-25,Vijayawada,Karnataka
641,Harinakshi Rana,kohliindrajit@example.com,2026-07-03,Pallavaram,Gujarat
642,Eiravati Bansal,neelsule@example.net,2026-07-25,Giridih,Uttarakhand
643,Aryan Oak,xchaudhuri@example.org,2025-05-30,Baranagar,Haryana
644,Siddharth Kamdar,falan79@example.net,2026-02-23,Varanasi,Meghalaya
645,Omisha Bath,diyaaggarwal@example.net,2026-04-14,Gangtok,Bihar
646,Yoshita Rastogi,rishi97@example.com,2024-10-28,Bathinda,Andhra Pradesh
647,Azaan Sahni,mukhopadhyayfarhan@example.com,2026-05-31,Hazaribagh,Rajasthan
648,Brinda Bakshi,champak35@example.org,2025-12-10,Bhalswa Jahangir Pur,Chhattisgarh
649,Yagnesh Mahajan,muniirya@example.org,2025-03-13,Bidar,Kerala
650,Yashvi Barad,chadhamadhav@example.net,2025-06-29,Burhanpur,Chhattisgarh
651,Gaurav Manne,bhavna52@example.net,2026-03-16,Raebareli,Nagaland
652,Harrison Mani,sarrafkeya@example.org,2026-07-02,Bhiwani,Tripura
653,Atharv Sridhar,sudikshamadan@example.com,2025-10-05,Mehsana,Andhra Pradesh
654,Yashodhara Sane,anarula@example.org,2025-09-19,Aurangabad,Himachal Pradesh
655,Gagan Shah,bajajojasvi@example.net,2025-01-11,Yamunanagar,Punjab
656,Amrita Garg,prisha29@example.org,2025-04-10,Mahbubnagar,Maharashtra
657,Shivansh Mitra,oliver55@example.org,2025-07-10,Hapur,Karnataka
658,Unni Mahal,nidhisama@example.net,2025-04-02,Gaya,Goa
659,Mahika Viswanathan,bshan@example.net,2026-02-20,Panipat,Uttarakhand
660,Osha Shanker,mchakrabarti@example.org,2025-01-24,Giridih,Nagaland
661,Bimala Dara,ekapadhegde@example.com,2025-01-11,Shahjahanpur,Tamil Nadu
662,Chakradev Naik,vkata@example.com,2025-05-23,Ambarnath,Himachal Pradesh
663,Agastya Setty,thegde@example.org,2024-10-27,Khammam,Andhra Pradesh
664,Yagnesh Grewal,devansh78@example.org,2025-10-11,Sangli-Miraj & Kupwad,Uttar Pradesh
665,Meghana Chandran,mchahal@example.net,2026-03-29,Erode,Nagaland
666,Tanish Brahmbhatt,harita25@example.net,2026-05-05,Karaikudi,Mizoram
667,Pahal Saran,bachittaramble@example.com,2026-02-06,Ludhiana,Kerala
668,Tarak Nori,urvinair@example.com,2026-04-02,Gaya,Mizoram
669,Vansha Sehgal,csrinivas@example.net,2025-08-25,Erode,Meghalaya
670,Lakshmi Shan,obala@example.org,2025-11-28,Panihati,Goa
671,Umang Shukla,dalaja45@example.com,2024-12-05,Sasaram,Goa
672,Chameli Pathak,dayamairay@example.com,2026-09-14,Suryapet,Maharashtra
673,Hemani Madan,vyanjanaaggarwal@example.org,2025-09-14,Aizawl,Madhya Pradesh
674,Anusha Sekhon,boraabdul@example.net,2025-02-13,Thiruvananthapuram,Gujarat
675,Gauri Ratti,qushibhandari@example.com,2024-10-22,Mirzapur,Andhra Pradesh
676,Indira Dixit,tristankarpe@example.net,2026-08-23,Bally,Arunachal Pradesh
677,Advay Chopra,pradhangauri@example.net,2025-10-25,Mirzapur,Arunachal Pradesh
678,Yagnesh Hans,frederick97@example.com,2026-05-16,Nagaon,Bihar
679,Anmol Sarna,baljiwan39@example.org,2026-05-17,Ratlam,Madhya Pradesh
680,Adya Morar,bansalwishi@example.org,2025-02-03,Mathura,Meghalaya
681,Aachal Parikh,dissac@example.net,2025-11-04,Purnia,Punjab
682,Faqid Chaudry,janyagrewal@example.com,2026-07-17,Farrukhabad,Jharkhand
683,Unnati Loyal,fsawhney@example.com,2025-01-20,Varanasi,Uttar Pradesh
684,Xalak Ramakrishnan,daksh36@example.com,2025-02-23,Narasaraopet,Mizoram
685,Vinaya Khatri,garima90@example.org,2024-09-30,Agartala,Goa
686,Tristan Magar,aachalsule@example.org,2025-04-30,Aurangabad,Bihar
687,Peter Singhal,valalakshmi@example.net,2025-03-22,Nashik,Rajasthan
688,Harinakshi Bora,mtak@example.com,2025-07-29,Raiganj,Odisha
689,Hardik Bajaj,radhika29@example.org,2024-11-08,Alappuzha,Andhra Pradesh
690,Viraj Ratta,victor25@example.org,2025-06-06,Berhampur,Kerala
691,Sathvik Shroff,parthtoor@example.org,2025-10-29,Chandrapur,Punjab
692,Keya Deshmukh,varenya32@example.com,2024-12-03,Tirunelveli,Assam
693,Keya Zachariah,hemal27@example.net,2026-09-11,Kulti,Goa
694,Fariq Goswami,doramaanav@example.net,2026-09-22,Saharsa,Sikkim
695,Ronith Borra,amruta61@example.org,2024-11-12,Raipur,Arunachal Pradesh
696,Yug Mall,madhavioak@example.net,2026-08-21,Thoothukudi,Meghalaya
697,Azaan Kant,kpurohit@example.net,2026-02-06,Malda,West Bengal
698,Kritika Bath,somupma@example.net,2025-07-04,Durg,Telangana
699,Jairaj Verma,praneelchaudry@example.com,2025-07-04,Maheshtala,West Bengal
700,Riya Nagarajan,shuklaeiravati@example.org,2025-08-18,Baranagar,Telangana
701,Bachittar Amble,nakul79@example.com,2026-08-01,Meerut,Odisha
702,Dipta Devi,abeervarughese@example.org,2025-01-11,Tenali,Himachal Pradesh
703,Ekapad Narang,fitan37@example.net,2025-11-04,Nashik,Uttar Pradesh
704,Ucchal Kari,walichaitaly@example.org,2025-09-15,Tiruvottiyur,Kerala
705,Brijesh Bali,caleb74@example.com,2025-10-04,Panvel,Arunachal Pradesh
706,Hritik Patil,adoshi@example.net,2026-04-03,Vijayawada,Karnataka
707,Ridhi Palan,kgara@example.com,2026-03-23,Erode,West Bengal
708,Siddharth Kulkarni,lgrover@example.net,2025-04-24,Sultan Pur Majra,Nagaland
709,Gavin Palan,radha70@example.net,2024-12-17,Ujjain,Gujarat
710,Bhavini Keer,harshsundaram@example.com,2026-09-23,Bhagalpur,Chhattisgarh
711,Shravya Banerjee,tanveer12@example.net,2025-03-29,Sultan Pur Majra,Uttarakhand
712,Urvashi Mittal,mmangat@example.com,2026-03-08,Jalna,Himachal Pradesh
713,Forum Bahl,kandaishita@example.net,2026-06-23,Pune,Chhattisgarh
714,Abhiram Dalal,jayaramansachi@example.net,2026-07-28,Phagwara,Karnataka
715,Daksh Mandal,sanghvifinn@example.com,2025-02-18,Adoni,Bihar
716,Tarak Tata,gsagar@example.com,2026-08-20,Nangloi Jat,Arunachal Pradesh
717,Yuvraj Purohit,kadakiajagat@example.org,2025-04-03,Gangtok,Punjab
718,Anika Borah,xhari@example.net,2026-06-21,Begusarai,Chhattisgarh
719,Yashawini Palla,omishamangat@example.org,2025-02-16,Mangalore,Assam
720,Aarnav Choudhary,bshah@example.net,2026-06-22,Begusarai,Assam
721,Anay Mann,praneelsrinivas@example.org,2025-11-04,Serampore,Goa
722,Edhitha Krishna,chasmum71@example.net,2025-01-17,Patna,Jharkhand
723,Tristan Saini,jsinghal@example.net,2026-04-03,Siliguri,Himachal Pradesh
724,Harshil Sidhu,imaranramakrishnan@example.net,2026-04-30,Aizawl,Tamil Nadu
725,Triya Chandra,noriwatika@example.org,2026-01-04,Pune,Nagaland
726,Zaid Kadakia,hiral24@example.org,2026-01-15,Madanapalle,Uttar Pradesh
727,Lakshmi Bajwa,tmukherjee@example.com,2026-06-10,Imphal,Odisha
728,Nidhi Natt,jacob76@example.org,2026-09-09,Jhansi,Mizoram
729,Aayush Dhaliwal,chasmum59@example.com,2026-05-01,Siliguri,Chhattisgarh
730,Manya Magar,devanshdas@example.com,2025-09-14,Sirsa,Madhya Pradesh
731,Adweta Bahri,galadivya@example.net,2024-10-01,Bokaro,Mizoram
732,Falguni Mammen,saxenaforum@example.org,2025-10-20,Davanagere,Kerala
733,Gaurang Narayan,prishakota@example.com,2026-03-24,Bokaro,Karnataka
734,Naksh Chopra,forumpuri@example.org,2026-01-25,Tenali,Madhya Pradesh
735,Gaurang Borra,upadhritinatarajan@example.org,2025-01-19,Gandhinagar,Rajasthan
736,Wishi Hari,tanvi43@example.net,2026-07-13,Lucknow,Uttarakhand
737,Bhavini Prabhakar,ekapadkaran@example.net,2026-03-27,Panihati,Uttar Pradesh
738,Qadim Rama,hemakhosla@example.net,2025-06-20,Farrukhabad,Tripura
739,Ethan Andra,bsangha@example.net,2026-01-08,Eluru,Manipur
740,Urmi Mall,hema99@example.com,2026-04-22,Ludhiana,Sikkim
741,Divya Rama,hemani06@example.org,2026-01-21,Satara,Karnataka
742,Ayaan Dani,rehaansahota@example.com,2025-08-08,Kakinada,Sikkim
743,Tripti Gola,isaacpingle@example.net,2026-04-30,Kumbakonam,Himachal Pradesh
744,Aarna Chadha,praneel50@example.com,2025-07-06,Imphal,Rajasthan
745,Mohammed Mangal,zachariahsara@example.org,2024-10-15,New Delhi,Odisha
746,Omaja Dasgupta,tgera@example.com,2026-06-06,Thrissur,West Bengal
747,Sudiksha Mohanty,zbadal@example.org,2025-09-17,Gorakhpur,Tamil Nadu
748,Vedhika Patel,sarmaneelima@example.com,2025-05-10,Ozhukarai,Bihar
749,Gopal Khatri,binaram@example.net,2026-08-27,Jalandhar,Andhra Pradesh
750,Warjas Kala,adityabajwa@example.com,2025-11-02,Tadepalligudem,Kerala
751,Nicholas Sur,chameli61@example.net,2026-06-04,Sikar,Mizoram
752,Viraj Oak,anika55@example.net,2025-01-24,Mysore,Assam
753,Samesh Sodhi,deoltriya@example.com,2025-01-19,Guntakal,Rajasthan
754,Panini Sridhar,avi32@example.org,2026-02-18,Chittoor,Assam
755,Vyanjana Choudhary,maxvasa@example.net,2026-01-18,Kharagpur,Odisha
756,Neelima Patla,samarth63@example.com,2024-12-20,Parbhani,Sikkim
757,Yashoda Kota,ctak@example.org,2026-09-02,Raipur,Tripura
758,Veer Sarma,krishnaramakrishnan@example.com,2026-01-12,Anantapur,Sikkim
759,Warinder Master,tamanna14@example.org,2025-07-04,Ongole,Gujarat
760,Mahika Kari,aashipathak@example.com,2025-08-06,Nagpur,Sikkim
761,Yashvi Pal,kmand@example.org,2026-03-16,Saharsa,Manipur
762,Samar Sura,bhattacharyyaekansh@example.net,2024-12-20,Bhagalpur,Chhattisgarh
763,Girik Babu,gbanik@example.net,2025-09-20,Madurai,Mizoram
764,Ati Thaman,gkade@example.net,2024-10-02,Udaipur,Jharkhand
765,Atharv Barman,aryareddy@example.org,2025-09-15,Delhi,Manipur
766,Advik Sarkar,ishwarchada@example.org,2026-01-13,Nangloi Jat,Rajasthan
767,Fiyaz Sandhu,amairaacharya@example.org,2025-03-19,Jalna,Uttarakhand
768,Aishani Madan,manthan95@example.net,2026-07-03,Khora ,Tamil Nadu
769,Ekanta Bail,yashasvideep@example.org,2026-01-28,Udaipur,Kerala
770,Atharv Rao,ekbal53@example.com,2026-04-29,Silchar,Arunachal Pradesh
771,Samaksh Puri,mnagarajan@example.org,2024-10-30,Ballia,Jharkhand
772,Lohit Sawhney,zdass@example.org,2024-11-14,Hapur,West Bengal
773,Aradhana Merchant,ekaraj78@example.org,2025-12-28,New Delhi,Madhya Pradesh
774,Urishilla Varkey,fbarman@example.org,2026-04-05,Indore,Sikkim
775,Bishakha Naik,dhawangauri@example.org,2026-07-04,Hosur,Sikkim
776,Yashasvi Gulati,oscarprasad@example.org,2025-01-07,Udaipur,Himachal Pradesh
777,Tristan Nagi,alka52@example.org,2025-06-06,Motihari,Sikkim
778,Dhriti Pradhan,siddharthhans@example.org,2026-03-03,Hosur,Punjab
779,Shravya Sathe,widisha69@example.net,2025-08-05,Munger,Chhattisgarh
780,Lucky Kulkarni,msandal@example.net,2026-08-24,Ulhasnagar,Punjab
781,Zayan Zacharia,chakradevpurohit@example.com,2024-12-02,Munger,Gujarat
782,Triveni Pandya,wakeeta84@example.org,2026-09-19,Berhampore,Manipur
783,Ekiya Wadhwa,kaulekansh@example.net,2026-03-03,Thanjavur,Sikkim
784,Madhav Kala,gayathribuch@example.org,2026-02-13,Gurgaon,Goa
785,Dominic Biswas,bhanumati55@example.net,2025-06-03,Kavali,Gujarat
786,Shaurya Dey,gautamibail@example.org,2025-01-24,Tadipatri,Sikkim
787,Atharv Bali,fsathe@example.net,2025-06-23,Buxar,Chhattisgarh
788,Isaac Devan,wnagarajan@example.net,2025-06-06,Berhampore,Uttarakhand
789,Nitara Setty,chakradevrao@example.org,2025-08-09,Cuttack,Maharashtra
790,Chatura Tripathi,gopal30@example.org,2025-10-20,Aurangabad,Tamil Nadu
791,Niharika Barad,wgole@example.com,2025-04-08,Shivpuri,Karnataka
792,Naksh Mani,nidhisaini@example.org,2024-10-27,Pimpri-Chinchwad,Manipur
793,Ayushman Acharya,jagratisanghvi@example.com,2024-09-26,Shimla,Tamil Nadu
794,Xiti Sachdev,devanshsoman@example.org,2024-12-25,Salem,Haryana
795,Gabriel Halder,zashilpatil@example.org,2024-11-03,Tiruvottiyur,Himachal Pradesh
796,Advay Wali,jason91@example.org,2026-03-15,Hospet,Kerala
797,Gautami Chhabra,geracharita@example.net,2024-11-13,Kottayam,Bihar
798,Janya Rama,thakurvivaan@example.org,2024-12-11,Nashik,Meghalaya
799,Vaishnavi Vasa,hghose@example.org,2025-01-05,Kottayam,Bihar
800,Watika Agarwal,narayananaachal@example.net,2025-06-17,Muzaffarpur,Uttarakhand
801,Osha Murthy,sanehritik@example.net,2026-08-09,Agra,Meghalaya
802,Anthony Balan,jatinsastry@example.com,2025-07-30,Nagercoil,Tripura
803,Joshua Vig,rbatta@example.net,2026-04-01,Sonipat,Madhya Pradesh
804,Dalbir Rana,girik46@example.net,2025-05-03,Aligarh,Goa
805,Hredhaan Lad,kumarchampak@example.com,2026-01-27,Kumbakonam,Madhya Pradesh
806,Chavvi Barman,nimratbawa@example.org,2024-10-26,Bally,Goa
807,Vrishti Randhawa,hgade@example.org,2025-12-26,Bhilai,Odisha
808,Chavvi Pal,sarthak36@example.com,2026-03-15,Rajahmundry,Goa
809,Kiaan Kadakia,xkala@example.net,2026-07-02,Siwan,Madhya Pradesh
810,Falan Bose,aadhya46@example.com,2026-08-13,Surendranagar Dudhrej,West Bengal
811,Hemani Thaman,xaviertaneja@example.org,2024-10-27,Bhopal,Tripura
812,Gavin Mane,jhalakprashad@example.com,2026-04-22,Bhilai,Assam
813,Bhavya Banerjee,brindahanda@example.com,2025-06-22,Erode,Andhra Pradesh
814,Nicholas Padmanabhan,ikar@example.org,2026-02-28,Bokaro,Himachal Pradesh
815,Sai Puri,qbassi@example.net,2026-02-06,Panchkula,Jharkhand
816,Balhaar Gole,kashvijayaraman@example.net,2025-01-03,Bhubaneswar,Himachal Pradesh
817,Bishakha Kala,aarnavpall@example.net,2025-03-01,Miryalaguda,Gujarat
818,Omisha Nigam,indali84@example.net,2025-11-22,Gudivada,Maharashtra
819,Ridhi Kashyap,mitali81@example.net,2026-03-08,Varanasi,West Bengal
820,Yochana Kade,jpau@example.org,2026-04-02,Sonipat,Assam
821,Darpan Pradhan,ngandhi@example.com,2025-10-24,Udupi,Punjab
822,Maanas Kumar,jmodi@example.net,2024-12-26,Ambala,Jharkhand
823,Chakradhar Kapur,inayaswamy@example.org,2025-11-07,Jalna,Manipur
824,Vrinda Uppal,modypranav@example.net,2026-08-12,Lucknow,Uttar Pradesh
825,Radha Mitra,patelcharita@example.net,2026-04-29,Panipat,Jharkhand
826,Abdul Sandhu,kothariati@example.org,2024-10-09,Ambattur,Nagaland
827,Gunbir Sahni,ebajaj@example.com,2024-12-28,Srikakulam,Himachal Pradesh
828,Harini Majumdar,zilmilshenoy@example.net,2025-04-11,Sambalpur,Punjab
829,Aishani Devi,yohannantara@example.org,2025-01-23,Morena,Tripura
830,Ekanta Gill,aarinibuch@example.net,2024-10-17,Khammam,Karnataka
831,Andrew Baral,ikade@example.org,2025-03-03,Serampore,Manipur
832,Ekapad Pandya,deolnirja@example.com,2026-09-13,Bhilwara,Andhra Pradesh
833,Tanvi Narasimhan,gmody@example.com,2024-11-26,Bidar,Rajasthan
834,Farhan Chhabra,ryanbanerjee@example.org,2026-07-07,Haldia,Nagaland
835,Zayyan Shan,lchander@example.org,2025-12-26,Kolkata,Jharkhand
836,Fiyaz Sarkar,igandhi@example.org,2025-04-29,Barasat,Punjab
837,Nidhi Manne,sarnarudra@example.com,2026-09-22,Mumbai,Punjab
838,Panini Balakrishnan,elijahbose@example.org,2025-03-22,Ahmednagar,Mizoram
839,Leela Halder,barkha46@example.net,2025-07-04,Bellary,Kerala
840,Chaman Nayar,aradhana37@example.net,2026-07-22,Orai,Madhya Pradesh
841,Gopal Kanda,schander@example.com,2026-05-17,Chapra,Karnataka
842,Hamsini Pal,teerthsastry@example.com,2026-04-13,Munger,Sikkim
843,Vaishnavi Das,jbail@example.net,2025-09-13,Imphal,Uttar Pradesh
844,Harrison Srinivas,xwalia@example.net,2025-10-16,Kakinada,Nagaland
845,Imaran Shenoy,manthan88@example.net,2026-08-28,Korba,Tamil Nadu
846,Upasna Wali,tara82@example.org,2025-10-18,Jammu,Andhra Pradesh
847,Tanmayi Sachar,arau@example.org,2025-04-30,Munger,Jharkhand
848,Joshua Baria,aarnavchana@example.net,2025-05-09,Rajahmundry,Assam
849,Adweta Bhargava,victor12@example.com,2025-07-05,Dindigul,Telangana
850,Wishi Pandey,xavier02@example.org,2025-06-30,Amravati,Telangana
851,Warjas Lata,tbanik@example.net,2026-06-22,Shivpuri,Himachal Pradesh
852,Megha Date,nachiket14@example.com,2025-04-25,Barasat,Uttar Pradesh
853,Urvashi Sidhu,balriya@example.org,2025-04-06,Faridabad,Gujarat
854,Adya Mahajan,zgoda@example.net,2026-05-03,Kavali,Punjab
855,Chandani Soni,janujabedi@example.com,2024-10-04,Pune,Madhya Pradesh
856,Manthan Raju,eta87@example.org,2026-03-05,Nangloi Jat,Odisha
857,Maya Tella,pnadkarni@example.com,2025-10-31,Warangal,Andhra Pradesh
858,Dalaja Chawla,zchawla@example.net,2026-02-21,Hajipur,Kerala
859,Yasti Sule,dhritinaik@example.net,2025-02-26,Latur,Mizoram
860,Ojas Parikh,kbrar@example.com,2026-08-26,Barasat,Karnataka
861,Arjun Edwin,sandhumatthew@example.org,2026-04-16,Hazaribagh,Uttar Pradesh
862,Parth Venkatesh,lpandit@example.net,2025-07-09,Agartala,Madhya Pradesh
863,Indira Thaker,tbhakta@example.com,2026-02-12,Motihari,Nagaland
864,Ronith Zacharia,bhavsarjagvi@example.net,2024-10-15,Kharagpur,Tripura
865,Baghyawati Dara,nandini00@example.org,2024-12-12,Baranagar,Uttarakhand
866,Indrajit Dayal,guptaadya@example.com,2025-01-08,Vadodara,Odisha
867,Aarnav Mall,cnaidu@example.com,2026-09-12,Chittoor,Arunachal Pradesh
868,Omaja Hora,msheth@example.com,2024-09-30,Shahjahanpur,Odisha
869,Vedika Murthy,vyanjanabasu@example.org,2026-08-30,Orai,Rajasthan
870,Leela Ram,kborah@example.net,2025-04-14,Kanpur,Tamil Nadu
871,Victor Raju,gaurangbrar@example.com,2025-09-13,Panipat,Kerala
872,Faraj Rajagopalan,biswasayaan@example.net,2025-05-24,Bikaner,Madhya Pradesh
873,Gaurika Varkey,xchauhan@example.net,2025-08-16,Kolkata,Assam
874,Ryan Sha,raohardik@example.net,2025-05-29,Loni,Telangana
875,Ira Seshadri,diyawagle@example.net,2025-10-11,Durg,Assam
876,Krisha Khalsa,kardaksha@example.org,2025-11-19,South Dumdum,Himachal Pradesh
877,Thomas Naidu,mugdhagandhi@example.net,2025-04-16,Noida,Himachal Pradesh
878,Harish Sane,manepranit@example.com,2025-02-03,Katihar,Meghalaya
879,Rishi Chaudhuri,oakakshay@example.org,2025-06-23,Bettiah,Andhra Pradesh
880,Rohan Minhas,chakradevdasgupta@example.com,2025-06-27,Malda,Goa
881,Vasudha Nagarajan,dasguptalaksh@example.net,2025-07-13,Berhampur,Andhra Pradesh
882,Yatan Ramachandran,iraman@example.com,2025-01-04,Kozhikode,Tamil Nadu
883,Vaishnavi Jha,dhritigara@example.net,2026-01-04,Tinsukia,Madhya Pradesh
884,Qarin Sibal,yogidiya@example.org,2025-04-26,Jamalpur,Uttar Pradesh
885,Harinakshi Mallick,ladparth@example.com,2024-10-13,Jorhat,Uttar Pradesh
886,Aradhana Khare,chaudharichampak@example.com,2024-10-05,Rampur,Goa
887,Megha Devan,gautam49@example.com,2026-06-20,Bellary,Nagaland
888,Lohit Lall,apradhan@example.org,2025-10-07,Madhyamgram,Manipur
889,Onkar Dhar,sachichaudhari@example.org,2025-03-15,Ujjain,Telangana
890,Ikshita Srinivasan,krishnabrijesh@example.net,2025-02-25,Kolhapur,Telangana
891,Yashica Gaba,wrideshbalay@example.com,2025-03-06,Bhopal,Uttar Pradesh
892,Girish Rai,gauri73@example.net,2026-07-19,Deoghar,Chhattisgarh
893,Hardik Kala,omahal@example.com,2025-07-14,Fatehpur,Tamil Nadu
894,Sneha Raval,basusiya@example.com,2024-11-20,Rajkot,Haryana
895,Jai Bhat,dwable@example.com,2025-12-26,Katni,Meghalaya
896,Rohan Badami,dugalyochana@example.com,2026-04-21,Berhampore,West Bengal
897,Janaki Joshi,ayush08@example.org,2024-10-07,Ambala,Tripura
898,Benjamin Ghose,gunbir13@example.org,2026-06-24,Begusarai,Assam
899,Avni Agarwal,wazir09@example.org,2025-08-24,Sri Ganganagar,Kerala
900,Saksham Bera,nakshsekhon@example.org,2025-06-27,Tezpur,Bihar
901,Amruta Majumdar,rauchandran@example.net,2025-01-12,Nagercoil,Bihar
902,Vasudha Parmar,xkoshy@example.com,2025-08-29,Haldia,Telangana
903,Wahab Magar,imital@example.com,2026-04-12,Ujjain,Punjab
904,Neelima Ganguly,jagat57@example.org,2025-04-23,Tirunelveli,Haryana
905,Faris Soni,deepagour@example.com,2026-01-24,Bokaro,Uttarakhand
906,Aditya Gade,revapillai@example.org,2026-09-19,Maheshtala,West Bengal
907,Agastya Dey,sarmaraagini@example.com,2026-08-20,Thanjavur,Sikkim
908,Leela Murty,parekhyashodhara@example.com,2024-10-15,Sangli-Miraj & Kupwad,Goa
909,Neelima Vasa,chahalunnati@example.net,2026-09-17,Mira-Bhayandar,Telangana
910,Lajita Ben,matthew40@example.com,2025-03-09,Coimbatore,West Bengal
911,Reva Pillay,kapurmanya@example.com,2025-03-06,Mau,West Bengal
912,Ayush Zacharia,atharvranganathan@example.org,2025-03-28,Saharanpur,Arunachal Pradesh
913,Qabil Memon,ira16@example.org,2024-12-29,Hosur,Tripura
914,Gabriel Dara,grattan@example.org,2025-08-08,Gwalior,Manipur
915,Ekani Majumdar,anay38@example.net,2025-04-27,Narasaraopet,Madhya Pradesh
916,Thomas Chand,tamanna06@example.com,2026-06-05,Satara,Haryana
917,Nitara Rana,sanaya12@example.com,2025-12-20,Mahbubnagar,Bihar
918,Falan Dhaliwal,netra00@example.com,2025-05-19,Jammu,Chhattisgarh
919,Mohini Dutt,udyatijohal@example.com,2025-11-05,Mira-Bhayandar,Arunachal Pradesh
920,Chameli Dar,triptilalla@example.net,2026-04-22,Katni,Bihar
921,Nakul Sood,chadhawahab@example.net,2026-02-28,Akola,Arunachal Pradesh
922,Oscar Khare,brindagaba@example.net,2025-04-21,Kakinada,Rajasthan
923,Urmi Pau,jhalak32@example.net,2025-07-31,Sasaram,Sikkim
924,Aishani Mann,basuvyanjana@example.com,2025-09-03,Thoothukudi,Goa
925,Karan Agrawal,ekavirverma@example.org,2025-07-26,Bhatpara,Bihar
926,Samesh Kulkarni,gavinamble@example.com,2026-06-16,Nangloi Jat,Tripura
927,Lavanya Bhatt,priya38@example.net,2025-04-18,Kota,Uttar Pradesh
928,Nidhi Bandi,ksur@example.net,2025-06-29,Ramagundam,Goa
929,Darika Bhandari,qarin15@example.com,2025-10-04,Kurnool,Jharkhand
930,Devansh Tank,yasti45@example.org,2025-04-28,Morbi,Jharkhand
931,Ishita Bath,thomas64@example.net,2024-12-21,Tumkur,Goa
932,Yoshita Deo,neelimadin@example.net,2026-01-09,Medininagar,West Bengal
933,Upadhriti Bhatt,ikshitahanda@example.net,2026-04-14,Pudukkottai,Sikkim
934,Madhav Sen,sagarquincy@example.com,2025-07-26,Ghaziabad,Uttar Pradesh
935,Kala Gour,eshanapal@example.com,2026-08-17,Malegaon,Manipur
936,Ikbal Bhakta,yahvi54@example.net,2026-07-27,Shivpuri,Odisha
937,Anmol Arya,ladjalsa@example.net,2025-12-23,Nadiad,Punjab
938,Christopher Sule,chaudhryatharv@example.net,2026-04-03,Mysore,Goa
939,Jackson Ganesan,dmishra@example.com,2026-09-17,Bathinda,Manipur
940,David Dua,darpankapoor@example.com,2026-08-25,Kishanganj,Haryana
941,Aradhana Behl,saksham65@example.org,2026-07-11,Dharmavaram,Nagaland
942,Peter Wali,saanvi05@example.org,2024-10-03,Orai,Assam
943,Xalak Korpal,wkumer@example.org,2025-04-02,Munger,Maharashtra
944,Omkaar Randhawa,hiralcherian@example.com,2025-12-24,Nandyal,Gujarat
945,Gaurangi Tella,arunima79@example.org,2025-11-08,Solapur,Mizoram
946,Raksha Kashyap,vrishtirajan@example.org,2025-06-24,Pallavaram,Kerala
947,Kashish Batta,keyadugar@example.net,2025-07-05,Kurnool,Andhra Pradesh
948,Ishaan Chacko,calebsundaram@example.com,2026-05-08,Ranchi,Assam
949,Madhavi Parekh,qpalla@example.com,2026-06-13,Mumbai,Tripura
950,Ekiya Natt,zayyanmenon@example.org,2026-02-24,Kollam,Telangana
951,Januja Rege,hema77@example.net,2026-09-05,Rajahmundry,Himachal Pradesh
952,Shivani Malhotra,harish13@example.net,2025-11-04,Sikar,Manipur
953,Yashica Baria,harita08@example.net,2025-05-25,Machilipatnam,Tripura
954,Vivaan Behl,dshan@example.org,2026-09-11,Jabalpur,Tamil Nadu
955,Lipika Sengupta,bedinikita@example.org,2025-07-08,Jhansi,West Bengal
956,Lajita Bhandari,pchahal@example.net,2025-02-16,Moradabad,Arunachal Pradesh
957,Gunbir Goel,bhavsaryashawini@example.com,2025-06-23,Dhanbad,Haryana
958,Nitara Mahajan,pallwarinder@example.net,2026-02-03,Rourkela,Gujarat
959,Baljiwan Bala,munifrederick@example.org,2025-05-17,Panihati,Goa
960,Siddharth Mutti,ysrinivas@example.net,2025-05-24,Jehanabad,Manipur
961,Devansh Khurana,dayamai84@example.com,2026-01-02,Jamalpur,Karnataka
962,Vansha Lala,indrajit56@example.com,2024-10-19,Panihati,Telangana
963,Ishita Dhawan,janivasatika@example.org,2026-03-04,Asansol,Jharkhand
964,Bhavini Soni,issacsiddharth@example.org,2026-04-04,Kalyan-Dombivli,Meghalaya
965,Zayan Hayer,rushilraju@example.org,2026-06-10,Haldia,Chhattisgarh
966,Aahana Dugal,ythaker@example.org,2024-10-11,Tinsukia,Telangana
967,Sarthak Korpal,yashicamerchant@example.com,2025-05-01,Machilipatnam,Tripura
968,Abdul Atwal,gdhar@example.org,2024-12-09,Ajmer,Uttar Pradesh
969,Pooja Mandal,chatterjeealka@example.org,2024-10-18,Pallavaram,Sikkim
970,Daniel Goel,hemanginirege@example.org,2026-03-13,Rohtak,Kerala
971,Warinder Venkataraman,mohini88@example.org,2025-08-22,Katihar,Assam
972,Tarak Kothari,lipika89@example.com,2026-07-18,Etawah,Jharkhand
973,Dominic Aggarwal,pverma@example.net,2025-02-22,Bhagalpur,Andhra Pradesh
974,Ojasvi Madan,raghavanvarsha@example.net,2026-08-31,Hindupur,Uttarakhand
975,Abha Soni,kabir18@example.net,2025-10-22,Gangtok,Madhya Pradesh
976,Bachittar Misra,qsekhon@example.net,2026-02-24,Pallavaram,Madhya Pradesh
977,Lavanya Bahl,samesh64@example.net,2026-04-21,Dehri,Sikkim
978,Jacob Chakraborty,akhurana@example.net,2026-07-08,Saharsa,Tripura
979,Hemal Nair,ksetty@example.net,2024-10-31,Ballia,Gujarat
980,Rachita Agrawal,qsom@example.org,2026-07-03,Erode,Gujarat
981,Yash Bumb,sdugal@example.org,2026-05-18,Imphal,Himachal Pradesh
982,Forum Chaudhari,pavani24@example.net,2026-06-22,Tezpur,Chhattisgarh
983,Maya Dalal,indali10@example.net,2025-08-15,Amroha,Goa
984,Vrinda Rao,darafaraj@example.org,2026-02-13,Jamalpur,Himachal Pradesh
985,Vasana Banik,dalbir85@example.com,2024-12-19,Gangtok,Rajasthan
986,Logan Dayal,vrishtinarain@example.net,2025-08-25,Sirsa,Haryana
987,Aashi Dave,hardik73@example.com,2025-11-24,Mysore,Uttarakhand
988,Azad Mand,parth35@example.org,2025-08-03,Baranagar,Tripura
989,Laksh Suresh,yadavi24@example.org,2026-05-08,Jalgaon,Karnataka
990,Chandresh Goswami,naveenghosh@example.net,2026-01-27,Rewa,Uttar Pradesh
991,Luke Biswas,parth57@example.com,2026-05-14,Durg,Jharkhand
992,Bhavika Lata,vivaanvohra@example.com,2024-09-28,Patna,Jharkhand
993,Aarnav Choudhury,sai32@example.com,2025-06-16,Dewas,Maharashtra
994,Parth Soman,kkala@example.net,2025-04-12,Surat,Gujarat
995,Sanaya Khatri,jagat39@example.net,2024-10-17,Kalyan-Dombivli,Maharashtra
996,Xiti Mangal,mandavinaya@example.net,2025-12-30,Jabalpur,Manipur
997,Matthew Dalal,ngrewal@example.org,2025-08-02,Bareilly,Gujarat
998,Samarth Sinha,purichaaya@example.net,2024-11-18,Coimbatore,Gujarat
999,Jack Seth,gangapalla@example.net,2025-01-25,Proddatur,Tamil Nadu
1000,Hardik Kaul,ranameera@example.org,2025-09-12,Kollam,Haryana
