product_id,snapshot_date,stock_quantity,warehouse_location
1,2026-10-02,499,Mumbai
2,2026-10-02,117,Chennai
3,2026-10-02,409,Chennai
4,2026-10-02,332,Pune
5,2026-10-02,140,Pune
6,2026-10-02,421,Pune
7,2026-10-02,473,Bangalore
8,2026-10-02,34,Pune
9,2026-10-02,189,Mumbai
10,2026-10-02,372,Chennai
11,2026-10-02,197,Pune
12,2026-10-02,273,Pune
13,2026-10-02,150,Bangalore
14,2026-10-02,470,Bangalore
15,2026-10-02,220,Chennai
16,2026-10-02,65,Pune
17,2026-10-02,206,Delhi
18,2026-10-02,284,Mumbai
19,2026-10-02,215,Pune
20,2026-10-02,281,Chennai
21,2026-10-02,346,Bangalore
22,2026-10-02,7,Mumbai
23,2026-10-02,305,Pune
24,2026-10-02,430,Mumbai
25,2026-10-02,299,Mumbai
26,2026-10-02,10,Bangalore
27,2026-10-02,435,Delhi
28,2026-10-02,15,Delhi
29,2026-10-02,109,Mumbai
30,2026-10-02,33,Pune
31,2026-10-02,487,Bangalore
32,2026-10-02,309,Delhi
33,2026-10-02,122,Bangalore
34,2026-10-02,273,Bangalore
35,2026-10-02,328,Bangalore
36,2026-10-02,150,Pune
37,2026-10-02,272,Mumbai
38,2026-10-02,354,Chennai
39,2026-10-02,283,Chennai
40,2026-10-02,46,Delhi
41,2026-10-02,324,Delhi
42,2026-10-02,154,Pune
43,2026-10-02,309,Bangalore
44,2026-10-02,415,Mumbai
45,2026-10-02,40,Mumbai
46,2026-10-02,213,Bangalore
47,2026-10-02,384,Delhi
48,2026-10-02,132,Delhi
49,2026-10-02,330,Mumbai
50,2026-10-02,292,Chennai
51,2026-10-02,76,Pune
52,2026-10-02,21,Pune
53,2026-10-02,428,Pune
54,2026-10-02,429,Mumbai
55,2026-10-02,363,Mumbai
56,2026-10-02,495,Mumbai
57,2026-10-02,342,Mumbai
58,2026-10-02,280,Mumbai
59,2026-10-02,438,Delhi
60,2026-10-02,448,Delhi
61,2026-10-02,500,Chennai
62,2026-10-02,277,Bangalore
63,2026-10-02,291,Delhi
64,2026-10-02,289,Chennai
65,2026-10-02,17,Pune
66,2026-10-02,383,Mumbai
67,2026-10-02,334,Pune
68,2026-10-02,384,Delhi
69,2026-10-02,178,Bangalore
70,2026-10-02,423,Pune
71,2026-10-02,470,Mumbai
72,2026-10-02,492,Delhi
73,2026-10-02,448,Delhi
74,2026-10-02,24,Mumbai
75,2026-10-02,496,Chennai
76,2026-10-02,411,Bangalore
77,2026-10-02,145,Delhi
78,2026-10-02,331,Delhi
79,2026-10-02,51,Bangalore
80,2026-10-02,144,Pune
81,2026-10-02,101,Bangalore
82,2026-10-02,444,Chennai
83,2026-10-02,280,Mumbai
84,2026-10-02,3,Delhi
85,2026-10-02,339,Delhi
86,2026-10-02,464,Delhi
87,2026-10-02,397,Pune
88,2026-10-02,274,Chennai
89,2026-10-02,87,Pune
90,2026-10-02,250,Mumbai
91,2026-10-02,84,Bangalore
92,2026-10-02,300,Bangalore
93,2026-10-02,160,Chennai
94,2026-10-02,75,Bangalore
95,2026-10-02,287,Mumbai
96,2026-10-02,356,Pune
97,2026-10-02,443,Bangalore
98,2026-10-02,406,Chennai
99,2026-10-02,267,Bangalore
100,2026-10-02,212,Bangalore
101,2026-10-02,32,Delhi
102,2026-10-02,123,Pune
103,2026-10-02,313,Chennai
104,2026-10-02,420,Delhi
105,2026-10-02,271,Delhi
106,2026-10-02,181,Pune
107,2026-10-02,216,Bangalore
108,2026-10-02,323,Mumbai
109,2026-10-02,226,Chennai
110,2026-10-02,282,Mumbai
111,2026-10-02,320,Mumbai
112,2026-10-02,483,Mumbai
113,2026-10-02,467,Mumbai
114,2026-10-02,34,Chennai
115,2026-10-02,473,Pune
116,2026-10-02,360,Pune
117,2026-10-02,417,Delhi
118,2026-10-02,302,Bangalore
119,2026-10-02,298,Mumbai
120,2026-10-02,14,Pune
121,2026-10-02,121,Bangalore
122,2026-10-02,8,Chennai
123,2026-10-02,493,Pune
124,2026-10-02,472,Delhi
125,2026-10-02,313,Mumbai
126,2026-10-02,9,Delhi
127,2026-10-02,380,Bangalore
128,2026-10-02,200,Pune
129,2026-10-02,37,Pune
130,2026-10-02,496,Bangalore
131,2026-10-02,448,Pune
132,2026-10-02,230,Mumbai
133,2026-10-02,124,Delhi
134,2026-10-02,291,Delhi
135,2026-10-02,165,Pune
136,2026-10-02,287,Mumbai
137,2026-10-02,120,Mumbai
138,2026-10-02,352,Pune
139,2026-10-02,164,Chennai
140,2026-10-02,387,Chennai
141,2026-10-02,125,Bangalore
142,2026-10-02,42,Pune
143,2026-10-02,116,Bangalore
144,2026-10-02,308,Delhi
145,2026-10-02,18,Mumbai
146,2026-10-02,385,Bangalore
147,2026-10-02,220,Mumbai
148,2026-10-02,250,Mumbai
149,2026-10-02,31,Bangalore
150,2026-10-02,393,Pune
151,2026-10-02,24,Chennai
152,2026-10-02,134,Mumbai
153,2026-10-02,171,Mumbai
154,2026-10-02,480,Bangalore
155,2026-10-02,119,Pune
156,2026-10-02,452,Bangalore
157,2026-10-02,302,Pune
158,2026-10-02,200,Delhi
159,2026-10-02,155,Mumbai
160,2026-10-02,284,Chennai
161,2026-10-02,361,Mumbai
162,2026-10-02,239,Pune
163,2026-10-02,466,Bangalore
164,2026-10-02,102,Bangalore
165,2026-10-02,487,Pune
166,2026-10-02,373,Bangalore
167,2026-10-02,432,Delhi
168,2026-10-02,328,Chennai
169,2026-10-02,414,Pune
170,2026-10-02,144,Bangalore
171,2026-10-02,179,Pune
172,2026-10-02,486,Bangalore
173,2026-10-02,387,Chennai
174,2026-10-02,100,Delhi
175,2026-10-02,370,Pune
176,2026-10-02,164,Delhi
177,2026-10-02,165,Pune
178,2026-10-02,438,Chennai
179,2026-10-02,237,Mumbai
180,2026-10-02,8,Chennai
181,2026-10-02,75,Mumbai
182,2026-10-02,422,Mumbai
183,2026-10-02,482,Pune
184,2026-10-02,33,Pune
185,2026-10-02,126,Chennai
186,2026-10-02,175,Pune
187,2026-10-02,158,Bangalore
188,2026-10-02,265,Mumbai
189,2026-10-02,38,Chennai
190,2026-10-02,331,Delhi
191,2026-10-02,165,Mumbai
192,2026-10-02,193,Mumbai
193,2026-10-02,334,Chennai
194,2026-10-02,306,Chennai
195,2026-10-02,449,Mumbai
196,2026-10-02,464,Chennai
197,2026-10-02,361,Chennai
198,2026-10-02,481,Bangalore
199,2026-10-02,356,Pune
200,2026-10-02,298,Bangalore
