order_id,customer_id,product_id,quantity,unit_price,total_amount,order_date,order_status
20261002-00001,536,68,4,21173.49,84693.96,2026-10-02,completed
20261002-00002,75,98,2,12454.17,24908.34,2026-10-02,returned
20261002-00003,240,113,4,17938.66,71754.64,2026-10-02,completed
20261002-00004,705,105,4,18245.81,72983.24,2026-10-02,cancelled
20261002-00005,165,27,2,15646.58,31293.16,2026-10-02,completed
20261002-00006,69,107,3,11246.58,33739.74,2026-10-02,completed
20261002-00007,866,34,1,9344.17,9344.17,2026-10-02,cancelled
20261002-00008,566,101,1,5114.12,5114.12,2026-10-02,completed
20261002-00009,609,197,4,687.52,2750.08,2026-10-02,completed
20261002-00010,748,1,4,13912.19,55648.76,2026-10-02,completed
20261002-00011,685,103,3,3641.61,10924.83,2026-10-02,completed
20261002-00012,563,44,1,14601.77,14601.77,2026-10-02,completed
20261002-00013,253,178,2,1955.62,3911.24,2026-10-02,completed
20261002-00014,26,158,3,5589.63,16768.89,2026-10-02,completed
20261002-00015,905,122,2,3138.94,6277.88,2026-10-02,completed
20261002-00016,259,100,3,20168.79,60506.37,2026-10-02,completed
20261002-00017,520,100,4,20168.79,80675.16,2026-10-02,completed
20261002-00018,913,16,4,12751.54,51006.16,2026-10-02,completed
20261002-00019,362,75,4,1626.1,6504.4,2026-10-02,completed
20261002-00020,322,83,2,17732.04,35464.08,2026-10-02,completed
20261002-00021,620,100,2,20168.79,40337.58,2026-10-02,completed
20261002-00022,31,61,3,21643.9,64931.7,2026-10-02,completed
20261002-00023,494,57,2,24584.86,49169.72,2026-10-02,cancelled
20261002-00024,443,94,1,22261.87,22261.87,2026-10-02,completed
20261002-00025,314,52,4,338.09,1352.36,2026-10-02,completed
20261002-00026,523,4,1,15794.57,15794.57,2026-10-02,completed
20261002-00027,222,120,2,22465.72,44931.44,2026-10-02,completed
20261002-00028,873,20,4,2805.39,11221.56,2026-10-02,cancelled
20261002-00029,700,55,3,2681.18,8043.54,2026-10-02,completed
20261002-00030,306,176,3,17756.52,53269.56,2026-10-02,completed
20261002-00031,932,126,1,23723.91,23723.91,2026-10-02,completed
20261002-00032,885,156,1,19515.92,19515.92,2026-10-02,completed
20261002-00033,665,31,1,4450.52,4450.52,2026-10-02,completed
20261002-00034,236,36,2,7320.64,14641.28,2026-10-02,completed
20261002-00035,959,108,1,11338.99,11338.99,2026-10-02,returned
20261002-00036,796,131,4,10835.55,43342.2,2026-10-02,completed
20261002-00037,236,37,3,22732.95,68198.85,2026-10-02,completed
20261002-00038,103,177,1,11557.43,11557.43,2026-10-02,completed
20261002-00039,630,130,4,17378.71,69514.84,2026-10-02,completed
20261002-00040,11,139,2,17231.13,34462.26,2026-10-02,completed
20261002-00041,960,45,1,21032.11,21032.11,2026-10-02,completed
20261002-00042,95,118,4,16038.54,64154.16,2026-10-02,cancelled
20261002-00043,88,17,4,10243.91,40975.64,2026-10-02,completed
20261002-00044,188,4,3,15794.57,47383.71,2026-10-02,completed
20261002-00045,385,184,2,2532.59,5065.18,2026-10-02,completed
20261002-00046,656,127,4,10239.83,40959.32,2026-10-02,completed
20261002-00047,873,161,3,18995.37,56986.11,2026-10-02,completed
20261002-00048,733,100,4,20168.79,80675.16,2026-10-02,completed
20261002-00049,182,9,4,14431.36,57725.44,2026-10-02,completed
20261002-00050,131,2,1,5310.47,5310.47,2026-10-02,completed
20261002-00051,385,146,2,21868.74,43737.48,2026-10-02,completed
20261002-00052,941,154,1,21083.29,21083.29,2026-10-02,completed
20261002-00053,669,128,1,4871.58,4871.58,2026-10-02,cancelled
20261002-00054,679,110,1,7465.65,7465.65,2026-10-02,completed
20261002-00055,244,39,1,599.08,599.08,2026-10-02,completed
20261002-00056,551,80,2,16371.36,32742.72,2026-10-02,completed
20261002-00057,332,163,1,23828.15,23828.15,2026-10-02,completed
20261002-00058,388,128,4,4871.58,19486.32,2026-10-02,completed
20261002-00059,389,146,2,21868.74,43737.48,2026-10-02,completed
20261002-00060,755,46,2,679.91,1359.82,2026-10-02,returned
20261002-00061,193,33,3,8860.88,26582.64,2026-10-02,completed
20261002-00062,654,62,4,14968.55,59874.2,2026-10-02,completed
20261002-00063,136,98,2,12454.17,24908.34,2026-10-02,cancelled
20261002-00064,960,16,2,12751.54,25503.08,2026-10-02,completed
20261002-00065,507,104,2,7449.5,14899.0,2026-10-02,completed
20261002-00066,680,186,4,7913.79,31655.16,2026-10-02,completed
20261002-00067,737,192,1,11835.2,11835.2,2026-10-02,completed
20261002-00068,164,99,4,22889.48,91557.92,2026-10-02,completed
20261002-00069,549,154,1,21083.29,21083.29,2026-10-02,completed
20261002-00070,50,153,3,15233.49,45700.47,2026-10-02,completed
20261002-00071,344,200,2,21602.42,43204.84,2026-10-02,completed
20261002-00072,593,79,4,17863.69,71454.76,2026-10-02,completed
20261002-00073,825,192,3,11835.2,35505.6,2026-10-02,completed
20261002-00074,348,197,2,687.52,1375.04,2026-10-02,completed
20261002-00075,571,116,1,3774.89,3774.89,2026-10-02,completed
20261002-00076,140,7,1,6311.06,6311.06,2026-10-02,cancelled
20261002-00077,125,110,3,7465.65,22396.95,2026-10-02,completed
20261002-00078,595,164,4,7834.46,31337.84,2026-10-02,completed
20261002-00079,910,32,4,21893.56,87574.24,2026-10-02,completed
20261002-00080,781,176,2,17756.52,35513.04,2026-10-02,completed
20261002-00081,663,136,1,19229.54,19229.54,2026-10-02,completed
20261002-00082,11,137,2,9102.12,18204.24,2026-10-02,completed
20261002-00083,288,94,4,22261.87,89047.48,2026-10-02,completed
20261002-00084,636,12,4,4451.89,17807.56,2026-10-02,completed
20261002-00085,789,65,4,13023.04,52092.16,2026-10-02,completed
20261002-00086,661,57,4,24584.86,98339.44,2026-10-02,completed
20261002-00087,947,188,3,3524.69,10574.07,2026-10-02,completed
20261002-00088,597,183,1,16678.32,16678.32,2026-10-02,completed
20261002-00089,999,154,4,21083.29,84333.16,2026-10-02,completed
20261002-00090,121,105,1,18245.81,18245.81,2026-10-02,completed
20261002-00091,827,35,2,3989.41,7978.82,2026-10-02,completed
20261002-00092,178,108,4,11338.99,45355.96,2026-10-02,completed
20261002-00093,190,56,1,3913.89,3913.89,2026-10-02,completed
20261002-00094,736,187,4,11579.08,46316.32,2026-10-02,cancelled
20261002-00095,552,164,4,7834.46,31337.84,2026-10-02,completed
20261002-00096,882,125,4,10878.91,43515.64,2026-10-02,cancelled
20261002-00097,29,73,1,11110.24,11110.24,2026-10-02,completed
20261002-00098,602,34,3,9344.17,28032.51,2026-10-02,completed
20261002-00099,378,188,1,3524.69,3524.69,2026-10-02,completed
20261002-00100,810,106,1,23065.03,23065.03,2026-10-02,completed
20261002-00101,612,86,1,24856.86,24856.86,2026-10-02,completed
20261002-00102,97,175,2,9180.64,18361.28,2026-10-02,completed
20261002-00103,202,18,4,16768.3,67073.2,2026-10-02,completed
20261002-00104,889,69,2,12692.83,25385.66,2026-10-02,completed
20261002-00105,570,123,4,9140.29,36561.16,2026-10-02,completed
20261002-00106,762,2,1,5310.47,5310.47,2026-10-02,completed
20261002-00107,837,28,1,1414.57,1414.57,2026-10-02,completed
20261002-00108,952,94,4,22261.87,89047.48,2026-10-02,cancelled
20261002-00109,82,196,4,9405.84,37623.36,2026-10-02,completed
20261002-00110,165,123,2,9140.29,18280.58,2026-10-02,completed
20261002-00111,217,1,1,13912.19,13912.19,2026-10-02,completed
20261002-00112,900,184,2,2532.59,5065.18,2026-10-02,returned
20261002-00113,220,64,2,23334.51,46669.02,2026-10-02,completed
20261002-00114,648,111,1,4005.05,4005.05,2026-10-02,completed
20261002-00115,937,66,2,18574.86,37149.72,2026-10-02,completed
20261002-00116,513,78,1,16768.37,16768.37,2026-10-02,returned
20261002-00117,146,41,4,10794.71,43178.84,2026-10-02,completed
20261002-00118,333,5,1,10877.97,10877.97,2026-10-02,completed
20261002-00119,390,6,2,9850.42,19700.84,2026-10-02,completed
20261002-00120,20,158,3,5589.63,16768.89,2026-10-02,cancelled
20261002-00121,386,26,4,10910.75,43643.0,2026-10-02,completed
20261002-00122,809,2,4,5310.47,21241.88,2026-10-02,completed
20261002-00123,539,32,2,21893.56,43787.12,2026-10-02,completed
20261002-00124,634,118,1,16038.54,16038.54,2026-10-02,completed
20261002-00125,162,94,2,22261.87,44523.74,2026-10-02,completed
20261002-00126,57,195,3,4362.64,13087.92,2026-10-02,completed
20261002-00127,380,169,1,7061.58,7061.58,2026-10-02,completed
20261002-00128,513,94,1,22261.87,22261.87,2026-10-02,completed
20261002-00129,310,32,1,21893.56,21893.56,2026-10-02,completed
20261002-00130,47,117,2,17196.54,34393.08,2026-10-02,completed
20261002-00131,18,58,3,8113.45,24340.35,2026-10-02,completed
20261002-00132,559,175,1,9180.64,9180.64,2026-10-02,completed
20261002-00133,988,141,3,1759.72,5279.16,2026-10-02,cancelled
20261002-00134,618,119,3,24310.52,72931.56,2026-10-02,completed
20261002-00135,258,41,3,10794.71,32384.13,2026-10-02,completed
20261002-00136,304,31,1,4450.52,4450.52,2026-10-02,cancelled
20261002-00137,556,162,2,3973.76,7947.52,2026-10-02,completed
20261002-00138,902,177,2,11557.43,23114.86,2026-10-02,completed
20261002-00139,629,135,2,13752.05,27504.1,2026-10-02,completed
20261002-00140,832,175,4,9180.64,36722.56,2026-10-02,completed
20261002-00141,271,38,3,2593.53,7780.59,2026-10-02,cancelled
20261002-00142,545,159,1,13543.58,13543.58,2026-10-02,completed
20261002-00143,741,148,1,20894.2,20894.2,2026-10-02,completed
20261002-00144,565,156,4,19515.92,78063.68,2026-10-02,completed
20261002-00145,591,112,4,20584.08,82336.32,2026-10-02,completed
20261002-00146,528,16,1,12751.54,12751.54,2026-10-02,completed
20261002-00147,332,177,2,11557.43,23114.86,2026-10-02,completed
20261002-00148,951,8,1,13066.21,13066.21,2026-10-02,completed
20261002-00149,201,9,4,14431.36,57725.44,2026-10-02,completed
20261002-00150,321,58,3,8113.45,24340.35,2026-10-02,returned
